#
# A fatal error has been detected by the Java Runtime Environment:
#
#  SIGSEGV (0xb) at pc=0x0000000130323db4, pid=61180, tid=259
#
# JRE version: OpenJDK Runtime Environment Temurin-21.0.8+9 (21.0.8+9) (build 21.0.8+9-LTS)
# Java VM: OpenJDK 64-Bit Server VM Temurin-21.0.8+9 (21.0.8+9-LTS, mixed mode, sharing, tiered, compressed oops, compressed class ptrs, g1 gc, bsd-aarch64)
# Problematic frame:
# C  [libjfxmedia_avf.dylib+0x3db4]
#
# No core dump will be written. Core dumps have been disabled. To enable core dumping, try "ulimit -c unlimited" before starting Java again
#
# If you would like to submit a bug report, please visit:
#   https://github.com/adoptium/adoptium-support/issues
# The crash happened outside the Java Virtual Machine in native code.
# See problematic frame for where to report the bug.
#

---------------  S U M M A R Y ------------

Command Line: -XX:+ShowCodeDetailsInExceptionMessages --module-path=/Users/giacomo/Documents/Ingegneria/II_Anno/Interfacce_Grafiche/progetto/jroyale/target/classes:/Users/giacomo/.m2/repository/org/openjfx/javafx-controls/21/javafx-controls-21-mac-aarch64.jar:/Users/giacomo/.m2/repository/org/openjfx/javafx-graphics/21/javafx-graphics-21-mac-aarch64.jar:/Users/giacomo/.m2/repository/org/openjfx/javafx-fxml/21/javafx-fxml-21-mac-aarch64.jar:/Users/giacomo/.m2/repository/org/openjfx/javafx-base/21/javafx-base-21-mac-aarch64.jar:/Users/giacomo/.m2/repository/org/openjfx/javafx-media/21/javafx-media-21-mac-aarch64.jar:/Users/giacomo/.m2/repository/com/fasterxml/jackson/core/jackson-databind/2.17.0/jackson-databind-2.17.0.jar:/Users/giacomo/.m2/repository/com/fasterxml/jackson/core/jackson-core/2.17.0/jackson-core-2.17.0.jar:/Users/giacomo/.m2/repository/com/fasterxml/jackson/core/jackson-annotations/2.17.0/jackson-annotations-2.17.0.jar -Djdk.module.main=jroyale jroyale/jroyale.controller.Main

Host: "Mac14,2" arm64, 8 cores, 8G, Darwin 25.3.0, macOS 26.3 (25D125)
Time: Sat May  9 10:39:32 2026 CEST elapsed time: 8.329695 seconds (0d 0h 0m 8s)

---------------  T H R E A D  ---------------

Current thread (0x00000008df2d4700):  JavaThread "JavaFX Application Thread"        [_thread_in_native, id=259, stack(0x000000016e9ec000,0x000000016f1e8000) (8176K)]

Stack: [0x000000016e9ec000,0x000000016f1e8000],  sp=0x000000016f1e2510,  free space=8153k
Native frames: (J=compiled Java code, j=interpreted, Vv=VM code, C=native code)
C  [libjfxmedia_avf.dylib+0x3db4]
C  [libjfxmedia_avf.dylib+0x2bd8]
C  [Foundation+0x9e9028]  -[NSKeyValueObservance observeValueForKeyPath:ofObject:change:context:]+0x180
C  [Foundation+0x9e9028]  -[NSKeyValueObservance observeValueForKeyPath:ofObject:change:context:]+0x180
C  [Foundation+0x9e9028]  -[NSKeyValueObservance observeValueForKeyPath:ofObject:change:context:]+0x180
C  [Foundation+0x18498]  NSKeyValueNotifyObserver+0xfc
C  [Foundation+0x60650]  NSKeyValueDidChange+0x184
C  [Foundation+0x9ee184]  NSKeyValueDidChangeWithPerThreadPendingNotifications+0xa0
C  [AVFCore+0x565d4]  -[AVPlayerItem didChangeValueForKey:]+0x38
C  [AVFCore+0x5a0c8]  -[AVPlayerItem _informObserversAboutAvailabilityOfTracks:]+0xac
C  [AVFCore+0x5c098]  -[AVPlayerItem _respondToBecomingReadyForBasicInspectionWithDuration:]+0xc4
C  [AVFCore+0x81014]  __avplayeritem_fpItemNotificationCallback_block_invoke+0x7a8
C  [libdispatch.dylib+0x1b5c]  _dispatch_call_block_and_release+0x20
C  [libdispatch.dylib+0x1bad4]  _dispatch_client_callout+0x10
C  [libdispatch.dylib+0x390d0]  _dispatch_main_queue_drain.cold.5+0x32c
C  [libdispatch.dylib+0x10f48]  _dispatch_main_queue_drain+0xb4
C  [libdispatch.dylib+0x10e84]  _dispatch_main_queue_callback_4CF+0x2c
C  [CoreFoundation+0x899a0]  __CFRUNLOOP_IS_SERVICING_THE_MAIN_DISPATCH_QUEUE__+0x10
C  [CoreFoundation+0x5e7fc]  __CFRunLoopRun+0x798
C  [CoreFoundation+0x118f3c]  _CFRunLoopRunSpecificWithOptions+0x214
C  [HIToolbox+0xc1790]  RunCurrentEventLoopInMode+0x13c
C  [HIToolbox+0xc4ab8]  ReceiveNextEventCommon+0x1e8
C  [HIToolbox+0x24eb64]  _BlockUntilNextEventMatchingListInMode+0x30
C  [AppKit+0x522014]  _DPSBlockUntilNextEventMatchingListInMode+0xec
C  [AppKit+0x1fe48]  _DPSNextEvent+0x24c
C  [AppKit+0xae6e8c]  -[NSApplication(NSEventRouting) _nextEventMatchingEventMask:untilDate:inMode:dequeue:]+0x2b0
C  [AppKit+0xae6b98]  -[NSApplication(NSEventRouting) nextEventMatchingMask:untilDate:inMode:dequeue:]+0x48
C  [AppKit+0x18780]  -[NSApplication run]+0x170
C  [libglass.dylib+0x9244]  JNI_OnLoad+0x1f90
C  [Foundation+0x38114]  __NSThreadPerformPerform+0x108
C  [CoreFoundation+0x5fa08]  __CFRUNLOOP_IS_CALLING_OUT_TO_A_SOURCE0_PERFORM_FUNCTION__+0x1c
C  [CoreFoundation+0x5f99c]  __CFRunLoopDoSource0+0xac
C  [CoreFoundation+0x5f708]  __CFRunLoopDoSources0+0xe8
C  [CoreFoundation+0x5e398]  __CFRunLoopRun+0x334
C  [CoreFoundation+0x118f3c]  _CFRunLoopRunSpecificWithOptions+0x214
C  [libjli.dylib+0xced4]  CreateExecutionEnvironment+0x194
C  [libjli.dylib+0x8be0]  JLI_Launch+0x480
C  [java+0x3ba4]  main+0x194
C  [dyld+0x8d54]  start+0x1c10

siginfo: si_signo: 11 (SIGSEGV), si_code: 2 (SEGV_ACCERR), si_addr: 0xc635174e8d127aa6

Registers:
 x0=0x00000008df872380  x1=0x000000016f1e25c0  x2=0x000000016f1e2498  x3=0x0000000000000003
 x4=0x0000000000000001  x5=0x000000016f1e25c0  x6=0x0000000000000002  x7=0x0000000000000003
 x8=0xc635174e8d127a6e  x9=0xd57362460b40003a x10=0x00000000000007c8 x11=0x000000000000007f
x12=0x0000000000000064 x13=0x00000008df12f620 x14=0x00000002053d66e8 x15=0x00000002053d66e8
x16=0x000000019906369c x17=0x00000001991c2d9c x18=0x0000000000000000 x19=0x0000000000000001
x20=0x00000008df4646c0 x21=0x0000000000000000 x22=0x00000008df405d10 x23=0x000000013032c5d8
x24=0x0000000000000002 x25=0x000000013032c5d8 x26=0x00000008dee2cd20 x27=0x0000000000000001
x28=0x00000008dbe59b80  fp=0x000000016f1e2750  lr=0x0000000130323d88  sp=0x000000016f1e2510
pc=0x0000000130323db4 cpsr=0x0000000060001000

Register to memory mapping:

x0 =0x00000008df872380 points into unknown readable memory: 0xc635174e8d127a6e | 6e 7a 12 8d 4e 17 35 c6
x1 =0x000000016f1e25c0 is pointing into the stack for thread: 0x00000008df2d4700
x2 =0x000000016f1e2498 is pointing into the stack for thread: 0x00000008df2d4700
x3 =0x0000000000000003 is an unknown value
x4 =0x0000000000000001 is an unknown value
x5 =0x000000016f1e25c0 is pointing into the stack for thread: 0x00000008df2d4700
x6 =0x0000000000000002 is an unknown value
x7 =0x0000000000000003 is an unknown value
x8 =0xc635174e8d127a6e is an unknown value
x9 =0xd57362460b40003a is an unknown value
x10=0x00000000000007c8 is an unknown value
x11=0x000000000000007f is an unknown value
x12=0x0000000000000064 is an unknown value
x13=0x00000008df12f620 points into unknown readable memory: 0x000000019b468854 | 54 88 46 9b 01 00 00 00
x14=0x00000002053d66e8: __CFConstantStringClassReference+0 in /System/Library/Frameworks/CoreFoundation.framework/Versions/A/CoreFoundation at 0x000000019917b000
x15=0x00000002053d66e8: __CFConstantStringClassReference+0 in /System/Library/Frameworks/CoreFoundation.framework/Versions/A/CoreFoundation at 0x000000019917b000
x16=0x000000019906369c: _ZNSt3__112basic_stringIcNS_11char_traitsIcEENS_9allocatorIcEEEC1ERKS5_+0 in /usr/lib/libc++.1.dylib at 0x000000019904a000
x17=0x00000001991c2d9c: -[__NSCFString UTF8String]+0 in /System/Library/Frameworks/CoreFoundation.framework/Versions/A/CoreFoundation at 0x000000019917b000
x18=0x0 is null
x19=0x0000000000000001 is an unknown value
x20=0x00000008df4646c0 points into unknown readable memory: 0x040000020554c105 | 05 c1 54 05 02 00 00 04
x21=0x0 is null
x22=0x00000008df405d10 points into unknown readable memory: 0x03000002053d56a9 | a9 56 3d 05 02 00 00 03
x23=0x000000013032c5d8: <offset 0xc5d8> in /Users/giacomo/.openjfx/cache/21+31/aarch64/libjfxmedia_avf.dylib at 0x0000000130320000
x24=0x0000000000000002 is an unknown value
x25=0x000000013032c5d8: <offset 0xc5d8> in /Users/giacomo/.openjfx/cache/21+31/aarch64/libjfxmedia_avf.dylib at 0x0000000130320000
x26=0x00000008dee2cd20 points into unknown readable memory: 0x00000001303782d8 | d8 82 37 30 01 00 00 00
x27=0x0000000000000001 is an unknown value
x28=0x00000008dbe59b80 points into unknown readable memory: 0x01000002053d6739 | 39 67 3d 05 02 00 00 01
 fp=0x000000016f1e2750 is pointing into the stack for thread: 0x00000008df2d4700
 lr=0x0000000130323d88: <offset 0x3d88> in /Users/giacomo/.openjfx/cache/21+31/aarch64/libjfxmedia_avf.dylib at 0x0000000130320000
 sp=0x000000016f1e2510 is pointing into the stack for thread: 0x00000008df2d4700

Top of Stack: (sp=0x000000016f1e2510)
0x000000016f1e2510:   0000000000000001 000000020897a928
0x000000016f1e2520:   0000000000000001 000000020897aac8
0x000000016f1e2530:   000000020897a8e8 0000000000000000
0x000000016f1e2540:   0000000000000001 00000008dbe59b80
0x000000016f1e2550:   000000020897a8c8 00000008df464730
0x000000016f1e2560:   0000000000000001 0000000000000001
0x000000016f1e2570:   0000000000000001 00000008ded7b660
0x000000016f1e2580:   0000000300000000 93a2dd809518bd61
0x000000016f1e2590:   0000000000000000 0000000000000000
0x000000016f1e25a0:   0000000000000000 0000000000000000
0x000000016f1e25b0:   0000000000000000 0000000000000000
0x000000016f1e25c0:   0000000000646e75 0000000000000000
0x000000016f1e25d0:   0300000000000000 7254206f69647541
0x000000016f1e25e0:   00000031206b6361 0d00000000000000
0x000000016f1e25f0:   0000000000000000 0000000000000000
0x000000016f1e2600:   0000000000000000 0000000000000000
0x000000016f1e2610:   ffffffffffffffff 00000008df464738
0x000000016f1e2620:   00000001995250f8 0000000000000000
0x000000016f1e2630:   0000000000000000 0000000000000000
0x000000016f1e2640:   0000000000000000 0000000000000000
0x000000016f1e2650:   0000000000000003 00000008df405820
0x000000016f1e2660:   00000000ffcb15a0 00000002053e4370
0x000000016f1e2670:   000000019b3b5da0 00000002053e4370
0x000000016f1e2680:   00000002136b8490 00000008dc379020
0x000000016f1e2690:   000000016f1e2700 0000000198cee0ac
0x000000016f1e26a0:   0000000000000000 0000000000000000
0x000000016f1e26b0:   00000008dfb0c720 0000000000000000
0x000000016f1e26c0:   00000008df9bb360 00000008df405820
0x000000016f1e26d0:   d57362460b40003a 0000000000000000
0x000000016f1e26e0:   40fbfe26e3414fe5 bff0000000000000
0x000000016f1e26f0:   0000000000000000 41c7d795227e75e6
0x000000016f1e2700:   ffffffff76ffffff 0000000000000000 

Instructions: (pc=0x0000000130323db4)
0x0000000130323cb4:   39 49 04 10 1f 20 03 d5 49 00 00 14 28 66 8c 52
0x0000000130323cc4:   c8 2e ac 72 1f 00 08 6b 20 0b 00 54 a8 6d 8c 52
0x0000000130323cd4:   08 8e ad 72 1f 00 08 6b e0 0a 00 54 28 66 8c 52
0x0000000130323ce4:   c8 0e ad 72 1f 00 08 6b 61 e0 ff 54 c8 00 80 52
0x0000000130323cf4:   00 ff ff 17 1c 00 80 d2 39 00 00 14 58 00 80 52
0x0000000130323d04:   00 0c 80 52 a1 0f 00 94 fa 03 00 aa e0 03 14 aa
0x0000000130323d14:   23 15 00 94 f3 03 00 aa e0 1f 40 f9 3a 10 00 94
0x0000000130323d24:   fc 03 00 aa c6 11 00 94 e1 03 00 aa e0 23 03 91
0x0000000130323d34:   f0 02 00 94 e0 03 14 aa 19 13 00 94 fb 03 00 aa
0x0000000130323d44:   e0 03 19 aa 30 10 00 94 f7 03 00 aa bc 11 00 94
0x0000000130323d54:   e1 03 00 aa e0 c3 02 91 e6 02 00 94 61 7e 40 93
0x0000000130323d64:   e2 23 03 91 e5 c3 02 91 e0 03 1a aa e3 77 40 b9
0x0000000130323d74:   e4 03 1b aa e6 03 18 aa 67 00 80 52 00 41 20 1e
0x0000000130323d84:   49 0f 00 94 e8 1f c3 39 68 00 f8 36 e0 5b 40 f9
0x0000000130323d94:   78 0f 00 94 e8 7f c3 39 68 00 f8 36 e0 67 40 f9
0x0000000130323da4:   74 0f 00 94 e8 37 40 f9 00 15 40 f9 08 00 40 f9
0x0000000130323db4:   08 1d 40 f9 e1 03 1a aa 00 01 3f d6 48 03 40 f9
0x0000000130323dc4:   08 05 40 f9 e0 03 1a aa 00 01 3f d6 e8 1b 40 f9
0x0000000130323dd4:   08 05 00 11 e8 1b 00 f9 f9 03 17 aa e0 03 16 aa
0x0000000130323de4:   03 10 00 94 e0 03 19 aa 01 10 00 94 e0 03 1c aa
0x0000000130323df4:   ff 0f 00 94 e0 3f 40 f9 fd 0f 00 94 e0 03 14 aa
0x0000000130323e04:   fb 0f 00 94 b5 06 00 91 e0 2f 40 f9 1f 00 15 eb
0x0000000130323e14:   f4 27 40 f9 c1 ce ff 54 09 00 00 14 48 00 80 52
0x0000000130323e24:   b4 fe ff 17 68 00 80 52 b2 fe ff 17 a8 00 80 52
0x0000000130323e34:   b0 fe ff 17 28 00 80 52 ae fe ff 17 e2 03 04 91
0x0000000130323e44:   a3 03 04 d1 e0 03 14 aa 04 02 80 52 2c 12 00 94
0x0000000130323e54:   a0 cc ff b5 e0 03 14 aa e5 0f 00 94 e8 2f 40 b9
0x0000000130323e64:   c8 00 00 36 e0 37 40 f9 2d 12 00 94 03 00 00 14
0x0000000130323e74:   e0 03 14 aa de 0f 00 94 e0 03 14 aa dc 0f 00 94
0x0000000130323e84:   a8 03 58 f8 1f 20 03 d5 69 10 04 58 29 01 40 f9
0x0000000130323e94:   3f 01 08 eb 61 01 00 54 ff 43 07 91 fd 7b 47 a9
0x0000000130323ea4:   f4 4f 46 a9 f6 57 45 a9 f8 5f 44 a9 fa 67 43 a9 


Stack slot to memory mapping:

stack at sp + 0 slots: 0x0000000000000001 is an unknown value
stack at sp + 1 slots: 0x000000020897a928: <offset 0x55b98928> in /System/Library/PrivateFrameworks/AVFCore.framework/Versions/A/AVFCore at 0x00000001b2de2000
stack at sp + 2 slots: 0x0000000000000001 is an unknown value
stack at sp + 3 slots: 0x000000020897aac8: <offset 0x55b98ac8> in /System/Library/PrivateFrameworks/AVFCore.framework/Versions/A/AVFCore at 0x00000001b2de2000
stack at sp + 4 slots: 0x000000020897a8e8: <offset 0x55b988e8> in /System/Library/PrivateFrameworks/AVFCore.framework/Versions/A/AVFCore at 0x00000001b2de2000
stack at sp + 5 slots: 0x0 is null
stack at sp + 6 slots: 0x0000000000000001 is an unknown value
stack at sp + 7 slots: 0x00000008dbe59b80 points into unknown readable memory: 0x01000002053d6739 | 39 67 3d 05 02 00 00 01


---------------  P R O C E S S  ---------------

Threads class SMR info:
_java_thread_list=0x00000008df0705c0, length=20, elements={
0x0000000101467420, 0x0000000101479fb0, 0x00000008df110000, 0x00000008df110700,
0x00000008df110e00, 0x00000008df111500, 0x000000010147a930, 0x000000010147b130,
0x00000008df111c00, 0x00000008df112a00, 0x00000008df113100, 0x00000008df2d4000,
0x00000008df2d4700, 0x00000008df2d6300, 0x00000008df2d6a00, 0x00000008df924700,
0x00000008df925c00, 0x00000008df926300, 0x00000008df926a00, 0x00000008df927100
}

Java Threads: ( => current thread )
  0x0000000101467420 JavaThread "main"                              [_thread_blocked, id=4611, stack(0x000000016f274000,0x000000016f477000) (2060K)]
  0x0000000101479fb0 JavaThread "Reference Handler"          daemon [_thread_blocked, id=30211, stack(0x00000001703ec000,0x00000001705ef000) (2060K)]
  0x00000008df110000 JavaThread "Finalizer"                  daemon [_thread_blocked, id=29955, stack(0x00000001705f8000,0x00000001707fb000) (2060K)]
  0x00000008df110700 JavaThread "Signal Dispatcher"          daemon [_thread_blocked, id=25347, stack(0x0000000170804000,0x0000000170a07000) (2060K)]
  0x00000008df110e00 JavaThread "Service Thread"             daemon [_thread_blocked, id=25603, stack(0x0000000170a10000,0x0000000170c13000) (2060K)]
  0x00000008df111500 JavaThread "Monitor Deflation Thread"   daemon [_thread_blocked, id=29443, stack(0x0000000170c1c000,0x0000000170e1f000) (2060K)]
  0x000000010147a930 JavaThread "C2 CompilerThread0"         daemon [_thread_in_native, id=26371, stack(0x0000000170e28000,0x000000017102b000) (2060K)]
  0x000000010147b130 JavaThread "C1 CompilerThread0"         daemon [_thread_blocked, id=26883, stack(0x0000000171034000,0x0000000171237000) (2060K)]
  0x00000008df111c00 JavaThread "Common-Cleaner"             daemon [_thread_blocked, id=27139, stack(0x0000000171240000,0x0000000171443000) (2060K)]
  0x00000008df112a00 JavaThread "Notification Thread"        daemon [_thread_blocked, id=27651, stack(0x000000017144c000,0x000000017164f000) (2060K)]
  0x00000008df113100 JavaThread "QuantumRenderer-0"          daemon [_thread_blocked, id=32771, stack(0x0000000171a70000,0x0000000171c73000) (2060K)]
  0x00000008df2d4000 JavaThread "InvokeLaterDispatcher"      daemon [_thread_blocked, id=37123, stack(0x0000000171c7c000,0x0000000171e7f000) (2060K)]
=>0x00000008df2d4700 JavaThread "JavaFX Application Thread"         [_thread_in_native, id=259, stack(0x000000016e9ec000,0x000000016f1e8000) (8176K)]
  0x00000008df2d6300 JavaThread "JavaFX-Launcher"                   [_thread_blocked, id=69155, stack(0x000000017202c000,0x000000017222f000) (2060K)]
  0x00000008df2d6a00 JavaThread "Media Resource Disposer"    daemon [_thread_blocked, id=86287, stack(0x0000000172238000,0x000000017243b000) (2060K)]
  0x00000008df924700 JavaThread "PulseTimer-CVDisplayLink thread" daemon [_thread_in_native, id=125187, stack(0x00000001751fc000,0x000000017527f000) (524K)]
  0x00000008df925c00 JavaThread "Thread-28"                  daemon [_thread_blocked, id=172563, stack(0x0000000175614000,0x0000000175817000) (2060K)]
  0x00000008df926300 JavaThread "JFXMedia Player EventQueueThread" daemon [_thread_blocked, id=133379, stack(0x0000000175820000,0x0000000175a23000) (2060K)]
  0x00000008df926a00 JavaThread "JFXMedia Player EventQueueThread" daemon [_thread_blocked, id=173187, stack(0x0000000176d50000,0x0000000176f53000) (2060K)]
  0x00000008df927100 JavaThread "sprite-loading-thread"             [_thread_in_Java, id=156947, stack(0x0000000176f5c000,0x000000017715f000) (2060K)]
Total: 20

Other Threads:
  0x00000008df0b5c00 VMThread "VM Thread"                           [id=19459, stack(0x00000001700c8000,0x00000001702cb000) (2060K)]
  0x00000008ded34700 WatcherThread "VM Periodic Task Thread"        [id=20995, stack(0x000000016febc000,0x00000001700bf000) (2060K)]
  0x000000010146ef30 WorkerThread "GC Thread#0"                     [id=14083, stack(0x000000016f480000,0x000000016f683000) (2060K)]
  0x00000008df16c400 WorkerThread "GC Thread#1"                     [id=28163, stack(0x0000000171658000,0x000000017185b000) (2060K)]
  0x00000008df16c800 WorkerThread "GC Thread#2"                     [id=28675, stack(0x0000000171864000,0x0000000171a67000) (2060K)]
  0x00000008df468800 WorkerThread "GC Thread#3"                     [id=145155, stack(0x0000000177168000,0x000000017736b000) (2060K)]
  0x00000008df468c00 WorkerThread "GC Thread#4"                     [id=145667, stack(0x0000000177374000,0x0000000177577000) (2060K)]
  0x00000008df469000 WorkerThread "GC Thread#5"                     [id=146179, stack(0x0000000177580000,0x0000000177783000) (2060K)]
  0x00000008df469400 WorkerThread "GC Thread#6"                     [id=156163, stack(0x000000017778c000,0x000000017798f000) (2060K)]
  0x00000008df469800 WorkerThread "GC Thread#7"                     [id=155651, stack(0x0000000177998000,0x0000000177b9b000) (2060K)]
  0x000000010146fdc0 ConcurrentGCThread "G1 Main Marker"            [id=12291, stack(0x000000016f68c000,0x000000016f88f000) (2060K)]
  0x0000000101470660 WorkerThread "G1 Conc#0"                       [id=13059, stack(0x000000016f898000,0x000000016fa9b000) (2060K)]
  0x00000008df0b4000 ConcurrentGCThread "G1 Refine#0"               [id=13571, stack(0x000000016faa4000,0x000000016fca7000) (2060K)]
  0x00000008df0b4800 ConcurrentGCThread "G1 Service"                [id=21507, stack(0x000000016fcb0000,0x000000016feb3000) (2060K)]
Total: 14

Threads with active compile tasks:
C2 CompilerThread0  8353 1837   !   4       sun.nio.ch.IOUtil::read (133 bytes)
Total: 1

VM state: not at safepoint (normal execution)

VM Mutex/Monitor currently owned by a thread: None

Heap address: 0x000000052a800000, size: 2048 MB, Compressed Oops mode: Zero based, Oop shift amount: 3

CDS archive(s) mapped at: [0x0000007000000000-0x0000007000c9c000-0x0000007000c9c000), size 13221888, SharedBaseAddress: 0x0000007000000000, ArchiveRelocationMode: 1.
Compressed class space mapped at: 0x0000007001000000-0x0000007041000000, reserved size: 1073741824
Narrow klass base: 0x0000007000000000, Narrow klass shift: 0, Narrow klass range: 0x100000000

GC Precious Log:
 CardTable entry size: 512
 Card Set container configuration: InlinePtr #cards 5 size 8 Array Of Cards #cards 12 size 40 Howl #buckets 4 coarsen threshold 1843 Howl Bitmap #cards 512 size 80 coarsen threshold 460 Card regions per heap region 1 cards per card region 2048
 CPUs: 8 total, 8 available
 Memory: 8192M
 Large Page Support: Disabled
 NUMA Support: Disabled
 Compressed Oops: Enabled (Zero based)
 Heap Region Size: 1M
 Heap Min Capacity: 8M
 Heap Initial Capacity: 128M
 Heap Max Capacity: 2G
 Pre-touch: Disabled
 Parallel Workers: 8
 Concurrent Workers: 2
 Concurrent Refinement Workers: 8
 Periodic GC: Disabled

Heap:
 garbage-first heap   total 133120K, used 27163K [0x000000052a800000, 0x00000005aa800000)
  region size 1024K, 9 young (9216K), 6 survivors (6144K)
 Metaspace       used 11297K, committed 11520K, reserved 1114112K
  class space    used 1577K, committed 1664K, reserved 1048576K

Heap Regions: E=young(eden), S=young(survivor), O=old, HS=humongous(starts), HC=humongous(continues), CS=collection set, F=free, TAMS=top-at-mark-start, PB=parsable bottom
|   0|0x000000052a800000, 0x000000052a900000, 0x000000052a900000|100%|HS|  |TAMS 0x000000052a800000| PB 0x000000052a800000| Complete 
|   1|0x000000052a900000, 0x000000052aa00000, 0x000000052aa00000|100%|HC|  |TAMS 0x000000052a900000| PB 0x000000052a900000| Complete 
|   2|0x000000052aa00000, 0x000000052ab00000, 0x000000052ab00000|100%|HC|  |TAMS 0x000000052aa00000| PB 0x000000052aa00000| Complete 
|   3|0x000000052ab00000, 0x000000052ac00000, 0x000000052ac00000|100%|HC|  |TAMS 0x000000052ab00000| PB 0x000000052ab00000| Complete 
|   4|0x000000052ac00000, 0x000000052ad00000, 0x000000052ad00000|100%|HC|  |TAMS 0x000000052ac00000| PB 0x000000052ac00000| Complete 
|   5|0x000000052ad00000, 0x000000052ae00000, 0x000000052ae00000|100%|HC|  |TAMS 0x000000052ad00000| PB 0x000000052ad00000| Complete 
|   6|0x000000052ae00000, 0x000000052af00000, 0x000000052af00000|100%|HC|  |TAMS 0x000000052ae00000| PB 0x000000052ae00000| Complete 
|   7|0x000000052af00000, 0x000000052b000000, 0x000000052b000000|100%|HC|  |TAMS 0x000000052af00000| PB 0x000000052af00000| Complete 
|   8|0x000000052b000000, 0x000000052b100000, 0x000000052b100000|100%|HC|  |TAMS 0x000000052b000000| PB 0x000000052b000000| Complete 
|   9|0x000000052b100000, 0x000000052b200000, 0x000000052b200000|100%|HS|  |TAMS 0x000000052b100000| PB 0x000000052b100000| Complete 
|  10|0x000000052b200000, 0x000000052b300000, 0x000000052b300000|100%|HS|  |TAMS 0x000000052b200000| PB 0x000000052b200000| Complete 
|  11|0x000000052b300000, 0x000000052b400000, 0x000000052b400000|100%|HS|  |TAMS 0x000000052b300000| PB 0x000000052b300000| Complete 
|  12|0x000000052b400000, 0x000000052b500000, 0x000000052b500000|100%|HS|  |TAMS 0x000000052b400000| PB 0x000000052b400000| Complete 
|  13|0x000000052b500000, 0x000000052b600000, 0x000000052b600000|100%|HS|  |TAMS 0x000000052b500000| PB 0x000000052b500000| Complete 
|  14|0x000000052b600000, 0x000000052b700000, 0x000000052b700000|100%|HC|  |TAMS 0x000000052b600000| PB 0x000000052b600000| Complete 
|  15|0x000000052b700000, 0x000000052b800000, 0x000000052b800000|100%|HC|  |TAMS 0x000000052b700000| PB 0x000000052b700000| Complete 
|  16|0x000000052b800000, 0x000000052b900000, 0x000000052b900000|100%|HS|  |TAMS 0x000000052b800000| PB 0x000000052b800000| Complete 
|  17|0x000000052b900000, 0x000000052ba00000, 0x000000052ba00000|100%|HC|  |TAMS 0x000000052b900000| PB 0x000000052b900000| Complete 
|  18|0x000000052ba00000, 0x000000052ba00000, 0x000000052bb00000|  0%| F|  |TAMS 0x000000052ba00000| PB 0x000000052ba00000| Untracked 
|  19|0x000000052bb00000, 0x000000052bb00000, 0x000000052bc00000|  0%| F|  |TAMS 0x000000052bb00000| PB 0x000000052bb00000| Untracked 
|  20|0x000000052bc00000, 0x000000052bc00000, 0x000000052bd00000|  0%| F|  |TAMS 0x000000052bc00000| PB 0x000000052bc00000| Untracked 
|  21|0x000000052bd00000, 0x000000052bd00000, 0x000000052be00000|  0%| F|  |TAMS 0x000000052bd00000| PB 0x000000052bd00000| Untracked 
|  22|0x000000052be00000, 0x000000052be00000, 0x000000052bf00000|  0%| F|  |TAMS 0x000000052be00000| PB 0x000000052be00000| Untracked 
|  23|0x000000052bf00000, 0x000000052bf00000, 0x000000052c000000|  0%| F|  |TAMS 0x000000052bf00000| PB 0x000000052bf00000| Untracked 
|  24|0x000000052c000000, 0x000000052c000000, 0x000000052c100000|  0%| F|  |TAMS 0x000000052c000000| PB 0x000000052c000000| Untracked 
|  25|0x000000052c100000, 0x000000052c100000, 0x000000052c200000|  0%| F|  |TAMS 0x000000052c100000| PB 0x000000052c100000| Untracked 
|  26|0x000000052c200000, 0x000000052c200000, 0x000000052c300000|  0%| F|  |TAMS 0x000000052c200000| PB 0x000000052c200000| Untracked 
|  27|0x000000052c300000, 0x000000052c300000, 0x000000052c400000|  0%| F|  |TAMS 0x000000052c300000| PB 0x000000052c300000| Untracked 
|  28|0x000000052c400000, 0x000000052c400000, 0x000000052c500000|  0%| F|  |TAMS 0x000000052c400000| PB 0x000000052c400000| Untracked 
|  29|0x000000052c500000, 0x000000052c500000, 0x000000052c600000|  0%| F|  |TAMS 0x000000052c500000| PB 0x000000052c500000| Untracked 
|  30|0x000000052c600000, 0x000000052c600000, 0x000000052c700000|  0%| F|  |TAMS 0x000000052c600000| PB 0x000000052c600000| Untracked 
|  31|0x000000052c700000, 0x000000052c700000, 0x000000052c800000|  0%| F|  |TAMS 0x000000052c700000| PB 0x000000052c700000| Untracked 
|  32|0x000000052c800000, 0x000000052c800000, 0x000000052c900000|  0%| F|  |TAMS 0x000000052c800000| PB 0x000000052c800000| Untracked 
|  33|0x000000052c900000, 0x000000052c900000, 0x000000052ca00000|  0%| F|  |TAMS 0x000000052c900000| PB 0x000000052c900000| Untracked 
|  34|0x000000052ca00000, 0x000000052ca00000, 0x000000052cb00000|  0%| F|  |TAMS 0x000000052ca00000| PB 0x000000052ca00000| Untracked 
|  35|0x000000052cb00000, 0x000000052cb00000, 0x000000052cc00000|  0%| F|  |TAMS 0x000000052cb00000| PB 0x000000052cb00000| Untracked 
|  36|0x000000052cc00000, 0x000000052cc00000, 0x000000052cd00000|  0%| F|  |TAMS 0x000000052cc00000| PB 0x000000052cc00000| Untracked 
|  37|0x000000052cd00000, 0x000000052cd00000, 0x000000052ce00000|  0%| F|  |TAMS 0x000000052cd00000| PB 0x000000052cd00000| Untracked 
|  38|0x000000052ce00000, 0x000000052ce00000, 0x000000052cf00000|  0%| F|  |TAMS 0x000000052ce00000| PB 0x000000052ce00000| Untracked 
|  39|0x000000052cf00000, 0x000000052cf00000, 0x000000052d000000|  0%| F|  |TAMS 0x000000052cf00000| PB 0x000000052cf00000| Untracked 
|  40|0x000000052d000000, 0x000000052d000000, 0x000000052d100000|  0%| F|  |TAMS 0x000000052d000000| PB 0x000000052d000000| Untracked 
|  41|0x000000052d100000, 0x000000052d100000, 0x000000052d200000|  0%| F|  |TAMS 0x000000052d100000| PB 0x000000052d100000| Untracked 
|  42|0x000000052d200000, 0x000000052d200000, 0x000000052d300000|  0%| F|  |TAMS 0x000000052d200000| PB 0x000000052d200000| Untracked 
|  43|0x000000052d300000, 0x000000052d300000, 0x000000052d400000|  0%| F|  |TAMS 0x000000052d300000| PB 0x000000052d300000| Untracked 
|  44|0x000000052d400000, 0x000000052d400000, 0x000000052d500000|  0%| F|  |TAMS 0x000000052d400000| PB 0x000000052d400000| Untracked 
|  45|0x000000052d500000, 0x000000052d500000, 0x000000052d600000|  0%| F|  |TAMS 0x000000052d500000| PB 0x000000052d500000| Untracked 
|  46|0x000000052d600000, 0x000000052d600000, 0x000000052d700000|  0%| F|  |TAMS 0x000000052d600000| PB 0x000000052d600000| Untracked 
|  47|0x000000052d700000, 0x000000052d700000, 0x000000052d800000|  0%| F|  |TAMS 0x000000052d700000| PB 0x000000052d700000| Untracked 
|  48|0x000000052d800000, 0x000000052d800000, 0x000000052d900000|  0%| F|  |TAMS 0x000000052d800000| PB 0x000000052d800000| Untracked 
|  49|0x000000052d900000, 0x000000052d900000, 0x000000052da00000|  0%| F|  |TAMS 0x000000052d900000| PB 0x000000052d900000| Untracked 
|  50|0x000000052da00000, 0x000000052da00000, 0x000000052db00000|  0%| F|  |TAMS 0x000000052da00000| PB 0x000000052da00000| Untracked 
|  51|0x000000052db00000, 0x000000052db00000, 0x000000052dc00000|  0%| F|  |TAMS 0x000000052db00000| PB 0x000000052db00000| Untracked 
|  52|0x000000052dc00000, 0x000000052dc00000, 0x000000052dd00000|  0%| F|  |TAMS 0x000000052dc00000| PB 0x000000052dc00000| Untracked 
|  53|0x000000052dd00000, 0x000000052dd00000, 0x000000052de00000|  0%| F|  |TAMS 0x000000052dd00000| PB 0x000000052dd00000| Untracked 
|  54|0x000000052de00000, 0x000000052de00000, 0x000000052df00000|  0%| F|  |TAMS 0x000000052de00000| PB 0x000000052de00000| Untracked 
|  55|0x000000052df00000, 0x000000052df00000, 0x000000052e000000|  0%| F|  |TAMS 0x000000052df00000| PB 0x000000052df00000| Untracked 
|  56|0x000000052e000000, 0x000000052e000000, 0x000000052e100000|  0%| F|  |TAMS 0x000000052e000000| PB 0x000000052e000000| Untracked 
|  57|0x000000052e100000, 0x000000052e100000, 0x000000052e200000|  0%| F|  |TAMS 0x000000052e100000| PB 0x000000052e100000| Untracked 
|  58|0x000000052e200000, 0x000000052e200000, 0x000000052e300000|  0%| F|  |TAMS 0x000000052e200000| PB 0x000000052e200000| Untracked 
|  59|0x000000052e300000, 0x000000052e300000, 0x000000052e400000|  0%| F|  |TAMS 0x000000052e300000| PB 0x000000052e300000| Untracked 
|  60|0x000000052e400000, 0x000000052e400000, 0x000000052e500000|  0%| F|  |TAMS 0x000000052e400000| PB 0x000000052e400000| Untracked 
|  61|0x000000052e500000, 0x000000052e500000, 0x000000052e600000|  0%| F|  |TAMS 0x000000052e500000| PB 0x000000052e500000| Untracked 
|  62|0x000000052e600000, 0x000000052e600000, 0x000000052e700000|  0%| F|  |TAMS 0x000000052e600000| PB 0x000000052e600000| Untracked 
|  63|0x000000052e700000, 0x000000052e700000, 0x000000052e800000|  0%| F|  |TAMS 0x000000052e700000| PB 0x000000052e700000| Untracked 
|  64|0x000000052e800000, 0x000000052e800000, 0x000000052e900000|  0%| F|  |TAMS 0x000000052e800000| PB 0x000000052e800000| Untracked 
|  65|0x000000052e900000, 0x000000052e900000, 0x000000052ea00000|  0%| F|  |TAMS 0x000000052e900000| PB 0x000000052e900000| Untracked 
|  66|0x000000052ea00000, 0x000000052ea00000, 0x000000052eb00000|  0%| F|  |TAMS 0x000000052ea00000| PB 0x000000052ea00000| Untracked 
|  67|0x000000052eb00000, 0x000000052eb00000, 0x000000052ec00000|  0%| F|  |TAMS 0x000000052eb00000| PB 0x000000052eb00000| Untracked 
|  68|0x000000052ec00000, 0x000000052ec00000, 0x000000052ed00000|  0%| F|  |TAMS 0x000000052ec00000| PB 0x000000052ec00000| Untracked 
|  69|0x000000052ed00000, 0x000000052ed00000, 0x000000052ee00000|  0%| F|  |TAMS 0x000000052ed00000| PB 0x000000052ed00000| Untracked 
|  70|0x000000052ee00000, 0x000000052ee00000, 0x000000052ef00000|  0%| F|  |TAMS 0x000000052ee00000| PB 0x000000052ee00000| Untracked 
|  71|0x000000052ef00000, 0x000000052ef00000, 0x000000052f000000|  0%| F|  |TAMS 0x000000052ef00000| PB 0x000000052ef00000| Untracked 
|  72|0x000000052f000000, 0x000000052f07eb10, 0x000000052f100000| 49%| S|CS|TAMS 0x000000052f000000| PB 0x000000052f000000| Complete 
|  73|0x000000052f100000, 0x000000052f200000, 0x000000052f200000|100%| S|CS|TAMS 0x000000052f100000| PB 0x000000052f100000| Complete 
|  74|0x000000052f200000, 0x000000052f300000, 0x000000052f300000|100%| S|CS|TAMS 0x000000052f200000| PB 0x000000052f200000| Complete 
|  75|0x000000052f300000, 0x000000052f400000, 0x000000052f400000|100%| S|CS|TAMS 0x000000052f300000| PB 0x000000052f300000| Complete 
|  76|0x000000052f400000, 0x000000052f500000, 0x000000052f500000|100%| S|CS|TAMS 0x000000052f400000| PB 0x000000052f400000| Complete 
|  77|0x000000052f500000, 0x000000052f600000, 0x000000052f600000|100%| S|CS|TAMS 0x000000052f500000| PB 0x000000052f500000| Complete 
|  78|0x000000052f600000, 0x000000052f600000, 0x000000052f700000|  0%| F|  |TAMS 0x000000052f600000| PB 0x000000052f600000| Untracked 
|  79|0x000000052f700000, 0x000000052f700000, 0x000000052f800000|  0%| F|  |TAMS 0x000000052f700000| PB 0x000000052f700000| Untracked 
|  80|0x000000052f800000, 0x000000052f800000, 0x000000052f900000|  0%| F|  |TAMS 0x000000052f800000| PB 0x000000052f800000| Untracked 
|  81|0x000000052f900000, 0x000000052f900000, 0x000000052fa00000|  0%| F|  |TAMS 0x000000052f900000| PB 0x000000052f900000| Untracked 
|  82|0x000000052fa00000, 0x000000052fa00000, 0x000000052fb00000|  0%| F|  |TAMS 0x000000052fa00000| PB 0x000000052fa00000| Untracked 
|  83|0x000000052fb00000, 0x000000052fb00000, 0x000000052fc00000|  0%| F|  |TAMS 0x000000052fb00000| PB 0x000000052fb00000| Untracked 
|  84|0x000000052fc00000, 0x000000052fc00000, 0x000000052fd00000|  0%| F|  |TAMS 0x000000052fc00000| PB 0x000000052fc00000| Untracked 
|  85|0x000000052fd00000, 0x000000052fd00000, 0x000000052fe00000|  0%| F|  |TAMS 0x000000052fd00000| PB 0x000000052fd00000| Untracked 
|  86|0x000000052fe00000, 0x000000052fe00000, 0x000000052ff00000|  0%| F|  |TAMS 0x000000052fe00000| PB 0x000000052fe00000| Untracked 
|  87|0x000000052ff00000, 0x000000052ff00000, 0x0000000530000000|  0%| F|  |TAMS 0x000000052ff00000| PB 0x000000052ff00000| Untracked 
|  88|0x0000000530000000, 0x0000000530000000, 0x0000000530100000|  0%| F|  |TAMS 0x0000000530000000| PB 0x0000000530000000| Untracked 
|  89|0x0000000530100000, 0x0000000530100000, 0x0000000530200000|  0%| F|  |TAMS 0x0000000530100000| PB 0x0000000530100000| Untracked 
|  90|0x0000000530200000, 0x0000000530200000, 0x0000000530300000|  0%| F|  |TAMS 0x0000000530200000| PB 0x0000000530200000| Untracked 
|  91|0x0000000530300000, 0x0000000530300000, 0x0000000530400000|  0%| F|  |TAMS 0x0000000530300000| PB 0x0000000530300000| Untracked 
|  92|0x0000000530400000, 0x0000000530400000, 0x0000000530500000|  0%| F|  |TAMS 0x0000000530400000| PB 0x0000000530400000| Untracked 
|  93|0x0000000530500000, 0x0000000530500000, 0x0000000530600000|  0%| F|  |TAMS 0x0000000530500000| PB 0x0000000530500000| Untracked 
|  94|0x0000000530600000, 0x0000000530600000, 0x0000000530700000|  0%| F|  |TAMS 0x0000000530600000| PB 0x0000000530600000| Untracked 
|  95|0x0000000530700000, 0x0000000530700000, 0x0000000530800000|  0%| F|  |TAMS 0x0000000530700000| PB 0x0000000530700000| Untracked 
|  96|0x0000000530800000, 0x0000000530800000, 0x0000000530900000|  0%| F|  |TAMS 0x0000000530800000| PB 0x0000000530800000| Untracked 
|  97|0x0000000530900000, 0x0000000530900000, 0x0000000530a00000|  0%| F|  |TAMS 0x0000000530900000| PB 0x0000000530900000| Untracked 
|  98|0x0000000530a00000, 0x0000000530a00000, 0x0000000530b00000|  0%| F|  |TAMS 0x0000000530a00000| PB 0x0000000530a00000| Untracked 
|  99|0x0000000530b00000, 0x0000000530b00000, 0x0000000530c00000|  0%| F|  |TAMS 0x0000000530b00000| PB 0x0000000530b00000| Untracked 
| 100|0x0000000530c00000, 0x0000000530c00000, 0x0000000530d00000|  0%| F|  |TAMS 0x0000000530c00000| PB 0x0000000530c00000| Untracked 
| 101|0x0000000530d00000, 0x0000000530d00000, 0x0000000530e00000|  0%| F|  |TAMS 0x0000000530d00000| PB 0x0000000530d00000| Untracked 
| 102|0x0000000530e00000, 0x0000000530e00000, 0x0000000530f00000|  0%| F|  |TAMS 0x0000000530e00000| PB 0x0000000530e00000| Untracked 
| 103|0x0000000530f00000, 0x0000000530f00000, 0x0000000531000000|  0%| F|  |TAMS 0x0000000530f00000| PB 0x0000000530f00000| Untracked 
| 104|0x0000000531000000, 0x0000000531000000, 0x0000000531100000|  0%| F|  |TAMS 0x0000000531000000| PB 0x0000000531000000| Untracked 
| 105|0x0000000531100000, 0x0000000531100000, 0x0000000531200000|  0%| F|  |TAMS 0x0000000531100000| PB 0x0000000531100000| Untracked 
| 106|0x0000000531200000, 0x0000000531200000, 0x0000000531300000|  0%| F|  |TAMS 0x0000000531200000| PB 0x0000000531200000| Untracked 
| 107|0x0000000531300000, 0x0000000531300000, 0x0000000531400000|  0%| F|  |TAMS 0x0000000531300000| PB 0x0000000531300000| Untracked 
| 108|0x0000000531400000, 0x0000000531400000, 0x0000000531500000|  0%| F|  |TAMS 0x0000000531400000| PB 0x0000000531400000| Untracked 
| 109|0x0000000531500000, 0x0000000531500000, 0x0000000531600000|  0%| F|  |TAMS 0x0000000531500000| PB 0x0000000531500000| Untracked 
| 110|0x0000000531600000, 0x0000000531600000, 0x0000000531700000|  0%| F|  |TAMS 0x0000000531600000| PB 0x0000000531600000| Untracked 
| 111|0x0000000531700000, 0x0000000531700000, 0x0000000531800000|  0%| F|  |TAMS 0x0000000531700000| PB 0x0000000531700000| Untracked 
| 112|0x0000000531800000, 0x0000000531800000, 0x0000000531900000|  0%| F|  |TAMS 0x0000000531800000| PB 0x0000000531800000| Untracked 
| 113|0x0000000531900000, 0x0000000531900000, 0x0000000531a00000|  0%| F|  |TAMS 0x0000000531900000| PB 0x0000000531900000| Untracked 
| 114|0x0000000531a00000, 0x0000000531a00000, 0x0000000531b00000|  0%| F|  |TAMS 0x0000000531a00000| PB 0x0000000531a00000| Untracked 
| 115|0x0000000531b00000, 0x0000000531b00000, 0x0000000531c00000|  0%| F|  |TAMS 0x0000000531b00000| PB 0x0000000531b00000| Untracked 
| 116|0x0000000531c00000, 0x0000000531c00000, 0x0000000531d00000|  0%| F|  |TAMS 0x0000000531c00000| PB 0x0000000531c00000| Untracked 
| 117|0x0000000531d00000, 0x0000000531d00000, 0x0000000531e00000|  0%| F|  |TAMS 0x0000000531d00000| PB 0x0000000531d00000| Untracked 
| 118|0x0000000531e00000, 0x0000000531e00000, 0x0000000531f00000|  0%| F|  |TAMS 0x0000000531e00000| PB 0x0000000531e00000| Untracked 
| 119|0x0000000531f00000, 0x0000000531f00000, 0x0000000532000000|  0%| F|  |TAMS 0x0000000531f00000| PB 0x0000000531f00000| Untracked 
| 120|0x0000000532000000, 0x0000000532000000, 0x0000000532100000|  0%| F|  |TAMS 0x0000000532000000| PB 0x0000000532000000| Untracked 
| 121|0x0000000532100000, 0x0000000532100000, 0x0000000532200000|  0%| F|  |TAMS 0x0000000532100000| PB 0x0000000532100000| Untracked 
| 122|0x0000000532200000, 0x0000000532200000, 0x0000000532300000|  0%| F|  |TAMS 0x0000000532200000| PB 0x0000000532200000| Untracked 
| 123|0x0000000532300000, 0x0000000532300000, 0x0000000532400000|  0%| F|  |TAMS 0x0000000532300000| PB 0x0000000532300000| Untracked 
| 124|0x0000000532400000, 0x0000000532400000, 0x0000000532500000|  0%| F|  |TAMS 0x0000000532400000| PB 0x0000000532400000| Untracked 
| 125|0x0000000532500000, 0x00000005325258f0, 0x0000000532600000| 14%| E|  |TAMS 0x0000000532500000| PB 0x0000000532500000| Complete 
| 126|0x0000000532600000, 0x0000000532700000, 0x0000000532700000|100%| E|CS|TAMS 0x0000000532600000| PB 0x0000000532600000| Complete 
| 127|0x0000000532700000, 0x0000000532800000, 0x0000000532800000|100%| E|CS|TAMS 0x0000000532700000| PB 0x0000000532700000| Complete 
|2046|0x00000005aa600000, 0x00000005aa700000, 0x00000005aa700000|100%| O|  |TAMS 0x00000005aa600000| PB 0x00000005aa600000| Untracked 
|2047|0x00000005aa700000, 0x00000005aa708298, 0x00000005aa800000|  3%| O|  |TAMS 0x00000005aa700000| PB 0x00000005aa700000| Untracked 

Card table byte_map: [0x000000010a000000,0x000000010a400000] _byte_map_base: 0x00000001076ac000

Marking Bits: (CMBitMap*) 0x000000010146f5e0
 Bits: [0x0000000123948000, 0x0000000125948000)

Polling page: 0x0000000100c40000

Metaspace:

Usage:
  Non-class:      9.49 MB used.
      Class:      1.54 MB used.
       Both:     11.03 MB used.

Virtual space:
  Non-class space:       64.00 MB reserved,       9.62 MB ( 15%) committed,  1 nodes.
      Class space:        1.00 GB reserved,       1.62 MB ( <1%) committed,  1 nodes.
             Both:        1.06 GB reserved,      11.25 MB (  1%) committed. 

Chunk freelists:
   Non-Class:  5.45 MB
       Class:  14.22 MB
        Both:  19.68 MB

MaxMetaspaceSize: unlimited
CompressedClassSpaceSize: 1.00 GB
Initial GC threshold: 21.00 MB
Current GC threshold: 21.00 MB
CDS: on
 - commit_granule_bytes: 65536.
 - commit_granule_words: 8192.
 - virtual_space_node_default_size: 8388608.
 - enlarge_chunks_in_place: 1.
 - use_allocation_guard: 0.


Internal statistics:

num_allocs_failed_limit: 0.
num_arena_births: 178.
num_arena_deaths: 0.
num_vsnodes_births: 2.
num_vsnodes_deaths: 0.
num_space_committed: 180.
num_space_uncommitted: 0.
num_chunks_returned_to_freelist: 0.
num_chunks_taken_from_freelist: 506.
num_chunk_merges: 0.
num_chunk_splits: 366.
num_chunks_enlarged: 290.
num_inconsistent_stats: 0.

CodeHeap 'non-profiled nmethods': size=120032Kb used=644Kb max_used=644Kb free=119387Kb
 bounds [0x000000011c410000, 0x000000011c680000, 0x0000000123948000]
CodeHeap 'profiled nmethods': size=120016Kb used=3035Kb max_used=3035Kb free=116980Kb
 bounds [0x0000000114948000, 0x0000000114c48000, 0x000000011be7c000]
CodeHeap 'non-nmethods': size=5712Kb used=1588Kb max_used=1607Kb free=4124Kb
 bounds [0x000000011be7c000, 0x000000011c0ec000, 0x000000011c410000]
CodeCache: size=245760Kb, used=5267Kb, max_used=5286Kb, free=240491Kb
 total_blobs=2529, nmethods=1760, adapters=677, full_count=0
Compilation: enabled, stopped_count=0, restarted_count=0

Compilation events (20 events):
Event: 8.312 Thread 0x000000010147b130 1823       3       java.lang.ref.Reference::enqueueFromPending (19 bytes)
Event: 8.312 Thread 0x000000010147b130 nmethod 1823 0x0000000114c34e90 code [0x0000000114c35040, 0x0000000114c352a0]
Event: 8.312 Thread 0x000000010147b130 1826       3       java.lang.ref.ReferenceQueue::poll0 (65 bytes)
Event: 8.313 Thread 0x000000010147b130 nmethod 1826 0x0000000114c35390 code [0x0000000114c35580, 0x0000000114c35a80]
Event: 8.313 Thread 0x000000010147b130 1827       3       java.io.UnixFileSystem::prefixLength (15 bytes)
Event: 8.313 Thread 0x000000010147b130 nmethod 1827 0x0000000114c35b90 code [0x0000000114c35d40, 0x0000000114c35fa8]
Event: 8.314 Thread 0x000000010147b130 1830       3       java.lang.ref.ReferenceQueue::enqueue0 (98 bytes)
Event: 8.317 Thread 0x000000010147b130 nmethod 1830 0x0000000114c36090 code [0x0000000114c36280, 0x0000000114c368e0]
Event: 8.317 Thread 0x000000010147b130 1828   !   3       java.lang.ref.ReferenceQueue::enqueue (32 bytes)
Event: 8.318 Thread 0x000000010147a930 nmethod 1821 0x000000011c4ac990 code [0x000000011c4acb40, 0x000000011c4ace18]
Event: 8.318 Thread 0x000000010147a930 1822       4       java.util.concurrent.locks.ReentrantLock::lock (8 bytes)
Event: 8.318 Thread 0x000000010147b130 nmethod 1828 0x0000000114c36a10 code [0x0000000114c36cc0, 0x0000000114c37790]
Event: 8.318 Thread 0x000000010147b130 1829       3       java.lang.ref.ReferenceQueue::signal (10 bytes)
Event: 8.320 Thread 0x000000010147b130 nmethod 1829 0x0000000114c37b90 code [0x0000000114c37d80, 0x0000000114c381d0]
Event: 8.320 Thread 0x000000010147b130 1832  s    3       com.sun.javafx.tk.quantum.QuantumToolkit$PulseTask::set (20 bytes)
Event: 8.320 Thread 0x000000010147b130 nmethod 1832 0x0000000114c38390 code [0x0000000114c38580, 0x0000000114c38bc8]
Event: 8.324 Thread 0x000000010147b130 1831       3       java.io.UnixFileSystem::normalize (41 bytes)
Event: 8.326 Thread 0x000000010147b130 nmethod 1831 0x0000000114c38e10 code [0x0000000114c39080, 0x0000000114c39768]
Event: 8.326 Thread 0x000000010147b130 1833       3       java.util.zip.ZipCoder$UTF8ZipCoder::hasTrailingSlash (20 bytes)
Event: 8.327 Thread 0x000000010147b130 nmethod 1833 0x0000000114c39a10 code [0x0000000114c39bc0, 0x0000000114c39d88]

GC Heap History (4 events):
Event: 0.213 GC heap before
{Heap before GC invocations=0 (full 0):
 garbage-first heap   total 133120K, used 23584K [0x000000052a800000, 0x00000005aa800000)
  region size 1024K, 23 young (23552K), 0 survivors (0K)
 Metaspace       used 1090K, committed 1280K, reserved 1114112K
  class space    used 85K, committed 192K, reserved 1048576K
}
Event: 0.214 GC heap after
{Heap after GC invocations=1 (full 0):
 garbage-first heap   total 133120K, used 2037K [0x000000052a800000, 0x00000005aa800000)
  region size 1024K, 1 young (1024K), 1 survivors (1024K)
 Metaspace       used 1090K, committed 1280K, reserved 1114112K
  class space    used 85K, committed 192K, reserved 1048576K
}
Event: 8.304 GC heap before
{Heap before GC invocations=1 (full 0):
 garbage-first heap   total 133120K, used 64501K [0x000000052a800000, 0x00000005aa800000)
  region size 1024K, 50 young (51200K), 1 survivors (1024K)
 Metaspace       used 11261K, committed 11520K, reserved 1114112K
  class space    used 1573K, committed 1664K, reserved 1048576K
}
Event: 8.311 GC heap after
{Heap after GC invocations=2 (full 0):
 garbage-first heap   total 133120K, used 19995K [0x000000052a800000, 0x00000005aa800000)
  region size 1024K, 6 young (6144K), 6 survivors (6144K)
 Metaspace       used 11261K, committed 11520K, reserved 1114112K
  class space    used 1573K, committed 1664K, reserved 1048576K
}

Dll operation events (20 events):
Event: 0.010 Loaded shared library /Library/Java/JavaVirtualMachines/temurin-21.jdk/Contents/Home/lib/libjava.dylib
Event: 0.069 Loaded shared library /Library/Java/JavaVirtualMachines/temurin-21.jdk/Contents/Home/lib/libnio.dylib
Event: 0.095 Loaded shared library /Library/Java/JavaVirtualMachines/temurin-21.jdk/Contents/Home/lib/libnet.dylib
Event: 0.178 Loaded shared library /Library/Java/JavaVirtualMachines/temurin-21.jdk/Contents/Home/lib/libzip.dylib
Event: 0.259 Loading shared library /Users/giacomo/.m2/repository/org/openjfx/javafx-graphics/21/libprism_es2.dylib failed, dlopen(/Users/giacomo/.m2/repository/org/openjfx/javafx-graphics/21/libprism_es2.dylib, 0x0001): tried: '/Users/giacomo/.m2/repository/org/openj
Event: 0.284 Loaded shared library /Users/giacomo/.openjfx/cache/21+31/aarch64/libprism_es2.dylib
Event: 0.359 Loading shared library /Users/giacomo/.m2/repository/org/openjfx/javafx-graphics/21/libglass.dylib failed, dlopen(/Users/giacomo/.m2/repository/org/openjfx/javafx-graphics/21/libglass.dylib, 0x0001): tried: '/Users/giacomo/.m2/repository/org/openjfx/javaf
Event: 0.367 Loaded shared library /Users/giacomo/.openjfx/cache/21+31/aarch64/libglass.dylib
Event: 5.597 Loaded shared library /Library/Java/JavaVirtualMachines/temurin-21.jdk/Contents/Home/lib/libjimage.dylib
Event: 5.927 Loading shared library /Users/giacomo/.m2/repository/org/openjfx/javafx-graphics/21/libglib-lite.dylib failed, dlopen(/Users/giacomo/.m2/repository/org/openjfx/javafx-graphics/21/libglib-lite.dylib, 0x0001): tried: '/Users/giacomo/.m2/repository/org/openj
Event: 5.940 Loaded shared library /Users/giacomo/.openjfx/cache/21+31/aarch64/libglib-lite.dylib
Event: 5.940 Loading shared library /Users/giacomo/.m2/repository/org/openjfx/javafx-graphics/21/libgstreamer-lite.dylib failed, dlopen(/Users/giacomo/.m2/repository/org/openjfx/javafx-graphics/21/libgstreamer-lite.dylib, 0x0001): tried: '/Users/giacomo/.m2/repository
Event: 5.954 Loaded shared library /Users/giacomo/.openjfx/cache/21+31/aarch64/libgstreamer-lite.dylib
Event: 5.955 Loading shared library /Users/giacomo/.m2/repository/org/openjfx/javafx-graphics/21/libjfxmedia.dylib failed, dlopen(/Users/giacomo/.m2/repository/org/openjfx/javafx-graphics/21/libjfxmedia.dylib, 0x0001): tried: '/Users/giacomo/.m2/repository/org/openjfx
Event: 5.970 Loaded shared library /Users/giacomo/.openjfx/cache/21+31/aarch64/libjfxmedia.dylib
Event: 5.972 Loading shared library /Users/giacomo/.m2/repository/org/openjfx/javafx-graphics/21/libjfxmedia_avf.dylib failed, dlopen(/Users/giacomo/.m2/repository/org/openjfx/javafx-graphics/21/libjfxmedia_avf.dylib, 0x0001): tried: '/Users/giacomo/.m2/repository/org
Event: 5.977 Loaded shared library /Users/giacomo/.openjfx/cache/21+31/aarch64/libjfxmedia_avf.dylib
Event: 6.103 Loading shared library /Users/giacomo/.m2/repository/org/openjfx/javafx-graphics/21/libjavafx_font.dylib failed, dlopen(/Users/giacomo/.m2/repository/org/openjfx/javafx-graphics/21/libjavafx_font.dylib, 0x0001): tried: '/Users/giacomo/.m2/repository/org/o
Event: 6.106 Loaded shared library /Users/giacomo/.openjfx/cache/21+31/aarch64/libjavafx_font.dylib
Event: 8.313 Loading shared library /Users/giacomo/.m2/repository/org/openjfx/javafx-graphics/21/libjavafx_iio.dylib failed, dlopen(/Users/giacomo/.m2/repository/org/openjfx/javafx-graphics/21/libjavafx_iio.dylib, 0x0001): tried: '/Users/giacomo/.m2/repository/org/ope

Deoptimization events (20 events):
Event: 6.139 Thread 0x00000008df2d4700 Uncommon trap: trap_request=0xffffff76 fr.pc=0x000000011c46b2d8 relative=0x0000000000000198
Event: 6.139 Thread 0x00000008df2d4700 Uncommon trap: reason=predicate action=maybe_recompile pc=0x000000011c46b2d8 method=java.util.regex.Pattern$BmpCharPropertyGreedy.match(Ljava/util/regex/Matcher;ILjava/lang/CharSequence;)Z @ 12 c2
Event: 6.139 Thread 0x00000008df2d4700 DEOPT PACKING pc=0x000000011c46b2d8 sp=0x000000016f1e09c0
Event: 6.139 Thread 0x00000008df2d4700 DEOPT UNPACKING pc=0x000000011bebf01c sp=0x000000016f1e0970 mode 2
Event: 8.301 Thread 0x00000008df2d4700 Uncommon trap: trap_request=0xffffff45 fr.pc=0x000000011c467708 relative=0x0000000000000188
Event: 8.301 Thread 0x00000008df2d4700 Uncommon trap: reason=unstable_if action=reinterpret pc=0x000000011c467708 method=java.util.concurrent.locks.ReentrantLock$NonfairSync.initialTryLock()Z @ 10 c2
Event: 8.301 Thread 0x00000008df2d4700 DEOPT PACKING pc=0x000000011c467708 sp=0x000000016f1e1dc0
Event: 8.301 Thread 0x00000008df2d4700 DEOPT UNPACKING pc=0x000000011bebf01c sp=0x000000016f1e1d40 mode 2
Event: 8.312 Thread 0x00000008df927100 Uncommon trap: trap_request=0xffffffde fr.pc=0x000000011c497164 relative=0x0000000000000da4
Event: 8.312 Thread 0x00000008df927100 Uncommon trap: reason=class_check action=maybe_recompile pc=0x000000011c497164 method=java.util.concurrent.ConcurrentHashMap.putVal(Ljava/lang/Object;Ljava/lang/Object;Z)Ljava/lang/Object; @ 159 c2
Event: 8.312 Thread 0x00000008df927100 DEOPT PACKING pc=0x000000011c497164 sp=0x000000017715cbc0
Event: 8.312 Thread 0x00000008df927100 DEOPT UNPACKING pc=0x000000011bebf01c sp=0x000000017715cad0 mode 2
Event: 8.314 Thread 0x00000008df927100 Uncommon trap: trap_request=0xffffff45 fr.pc=0x000000011c4a996c relative=0x00000000000000ac
Event: 8.314 Thread 0x00000008df927100 Uncommon trap: reason=unstable_if action=reinterpret pc=0x000000011c4a996c method=java.lang.ref.ReferenceQueue.poll()Ljava/lang/ref/Reference; @ 4 c2
Event: 8.314 Thread 0x00000008df927100 DEOPT PACKING pc=0x000000011c4a996c sp=0x000000017715d280
Event: 8.314 Thread 0x00000008df927100 DEOPT UNPACKING pc=0x000000011bebf01c sp=0x000000017715d160 mode 2
Event: 8.314 Thread 0x00000008df927100 Uncommon trap: trap_request=0xffffff45 fr.pc=0x000000011c4a2574 relative=0x0000000000000074
Event: 8.314 Thread 0x00000008df927100 Uncommon trap: reason=unstable_if action=reinterpret pc=0x000000011c4a2574 method=java.lang.ref.ReferenceQueue.poll()Ljava/lang/ref/Reference; @ 4 c2
Event: 8.314 Thread 0x00000008df927100 DEOPT PACKING pc=0x000000011c4a2574 sp=0x000000017715d190
Event: 8.314 Thread 0x00000008df927100 DEOPT UNPACKING pc=0x000000011bebf01c sp=0x000000017715d130 mode 2

Classes loaded (20 events):
Event: 6.288 Loading class java/util/AbstractList$ListItr
Event: 6.288 Loading class java/util/AbstractList$ListItr done
Event: 6.320 Loading class java/util/concurrent/ConcurrentLinkedQueue
Event: 6.320 Loading class java/util/concurrent/ConcurrentLinkedQueue done
Event: 6.320 Loading class java/util/concurrent/ConcurrentLinkedQueue$Node
Event: 6.320 Loading class java/util/concurrent/ConcurrentLinkedQueue$Node done
Event: 6.325 Loading class java/text/CharacterIterator
Event: 6.325 Loading class java/text/CharacterIterator done
Event: 6.333 Loading class java/util/EnumMap$Values
Event: 6.333 Loading class java/util/EnumMap$Values done
Event: 6.333 Loading class java/util/EnumMap$ValueIterator
Event: 6.333 Loading class java/util/EnumMap$EnumMapIterator
Event: 6.333 Loading class java/util/EnumMap$EnumMapIterator done
Event: 6.333 Loading class java/util/EnumMap$ValueIterator done
Event: 6.343 Loading class java/io/BufferedReader
Event: 6.344 Loading class java/io/BufferedReader done
Event: 6.364 Loading class java/nio/DirectShortBufferU
Event: 6.364 Loading class java/nio/ShortBuffer
Event: 6.364 Loading class java/nio/ShortBuffer done
Event: 6.364 Loading class java/nio/DirectShortBufferU done

Classes unloaded (0 events):
No events

Classes redefined (0 events):
No events

Internal exceptions (20 events):
Event: 5.624 Thread 0x00000008df2d5500 Exception <a 'java/lang/NoSuchMethodError'{0x0000000531e81da0}: 'java.lang.Object java.lang.invoke.DirectMethodHandle$Holder.invokeStatic(java.lang.Object, int, java.lang.Object)'> (0x0000000531e81da0) 
thrown [src/hotspot/share/interpreter/linkResolver.cpp, line 773]
Event: 5.626 Thread 0x00000008df2d5500 Exception <a 'java/lang/ClassNotFoundException'{0x0000000531e93cc0}: sun/util/logging/resources/spi/loggingProvider> (0x0000000531e93cc0) 
thrown [src/hotspot/share/classfile/systemDictionary.cpp, line 312]
Event: 5.679 Thread 0x00000008df2d4700 Exception <a 'java/lang/NoSuchMethodError'{0x0000000531b7a340}: 'void java.lang.invoke.DirectMethodHandle$Holder.invokeStaticInit(java.lang.Object)'> (0x0000000531b7a340) 
thrown [src/hotspot/share/interpreter/linkResolver.cpp, line 773]
Event: 5.681 Thread 0x0000000101467420 Exception <a 'java/lang/NoSuchMethodError'{0x000000053205cc80}: 'java.lang.Object java.lang.invoke.DirectMethodHandle$Holder.newInvokeSpecial(java.lang.Object, java.lang.Object, java.lang.Object, java.lang.Object, java.lang.Object, java.lang.Object)'> (0x000000053205cc80) 
thrown [src/hotspot/share/interpreter/linkResolver.cpp, line 773]
Event: 5.766 Thread 0x0000000101467420 Exception <a 'java/lang/NoSuchMethodError'{0x0000000532097518}: 'java.lang.Object java.lang.invoke.DirectMethodHandle$Holder.newInvokeSpecial(java.lang.Object, java.lang.Object, java.lang.Object, java.lang.Object, java.lang.Object)'> (0x0000000532097518) 
thrown [src/hotspot/share/interpreter/linkResolver.cpp, line 773]
Event: 5.923 Thread 0x00000008df2d4700 Exception <a 'java/lang/UnsatisfiedLinkError'{0x00000005314dece8}: 'boolean com.sun.media.jfxmediaimpl.NativeAudioClip.nacInit()'> (0x00000005314dece8) 
thrown [src/hotspot/share/prims/nativeLookup.cpp, line 415]
Event: 5.924 Thread 0x00000008df2d4700 Exception <a 'java/lang/UnsatisfiedLinkError'{0x00000005314e57c0}: 'void com.sun.media.jfxmedia.logging.Logger.nativeSetNativeLevel(int)'> (0x00000005314e57c0) 
thrown [src/hotspot/share/prims/nativeLookup.cpp, line 415]
Event: 5.979 Thread 0x00000008df2d4700 Exception <a 'java/lang/NoSuchMethodError'{0x00000005313acfc8}: 'long java.lang.invoke.DirectMethodHandle$Holder.invokeVirtual(java.lang.Object, java.lang.Object)'> (0x00000005313acfc8) 
thrown [src/hotspot/share/interpreter/linkResolver.cpp, line 773]
Event: 5.979 Thread 0x00000008df2d4700 Exception <a 'java/lang/NoSuchMethodError'{0x00000005313b13e8}: 'long java.lang.invoke.DelegatingMethodHandle$Holder.reinvoke_L(java.lang.Object, java.lang.Object)'> (0x00000005313b13e8) 
thrown [src/hotspot/share/interpreter/linkResolver.cpp, line 773]
Event: 5.981 Thread 0x00000008df2d4700 Implicit null exception at 0x000000011c46debc to 0x000000011c46e42c
Event: 5.981 Thread 0x00000008df2d4700 Implicit null exception at 0x000000011c45a23c to 0x000000011c45a72c
Event: 6.090 Thread 0x00000008df2d4700 Exception <a 'java/lang/NoSuchMethodError'{0x000000053069dd38}: 'java.lang.Object java.lang.invoke.DirectMethodHandle$Holder.invokeStaticInit(java.lang.Object, java.lang.Object, java.lang.Object, java.lang.Object)'> (0x000000053069dd38) 
thrown [src/hotspot/share/interpreter/linkResolver.cpp, line 773]
Event: 6.096 Thread 0x00000008df2d4700 Exception <a 'java/lang/NullPointerException'{0x0000000530578678}> (0x0000000530578678) 
thrown [src/hotspot/share/interpreter/linkResolver.cpp, line 1372]
Event: 6.272 Thread 0x00000008df2d4700 Exception <a 'java/lang/NoSuchMethodError'{0x000000052fbf2b88}: 'java.lang.Object java.lang.invoke.DirectMethodHandle$Holder.newInvokeSpecial(java.lang.Object, java.lang.Object, int)'> (0x000000052fbf2b88) 
thrown [src/hotspot/share/interpreter/linkResolver.cpp, line 773]
Event: 6.320 Thread 0x00000008df2d4700 Exception <a 'java/lang/NoSuchMethodError'{0x000000052f9b9a20}: 'long java.lang.invoke.DirectMethodHandle$Holder.invokeStatic(java.lang.Object, java.lang.Object, java.lang.Object)'> (0x000000052f9b9a20) 
thrown [src/hotspot/share/interpreter/linkResolver.cpp, line 773]
Event: 6.321 Thread 0x00000008df2d4700 Exception <a 'java/lang/NoSuchMethodError'{0x000000052f9c1260}: 'long java.lang.invoke.DirectMethodHandle$Holder.invokeStaticInit(java.lang.Object, java.lang.Object, java.lang.Object)'> (0x000000052f9c1260) 
thrown [src/hotspot/share/interpreter/linkResolver.cpp, line 773]
Event: 6.321 Thread 0x00000008df2d4700 Exception <a 'java/lang/NoSuchMethodError'{0x000000052f9d6090}: 'java.lang.Object java.lang.invoke.DirectMethodHandle$Holder.newInvokeSpecial(java.lang.Object, java.lang.Object, long)'> (0x000000052f9d6090) 
thrown [src/hotspot/share/interpreter/linkResolver.cpp, line 773]
Event: 6.321 Thread 0x00000008df2d4700 Exception <a 'java/lang/NoSuchMethodError'{0x000000052f9d9738}: 'java.lang.Object java.lang.invoke.Invokers$Holder.linkToTargetMethod(java.lang.Object, long, java.lang.Object)'> (0x000000052f9d9738) 
thrown [src/hotspot/share/interpreter/linkResolver.cpp, line 773]
Event: 6.332 Thread 0x00000008df113100 Exception <a 'java/lang/NoSuchMethodError'{0x000000052f8e06d0}: 'int java.lang.invoke.DirectMethodHandle$Holder.invokeStaticInit(java.lang.Object, java.lang.Object)'> (0x000000052f8e06d0) 
thrown [src/hotspot/share/interpreter/linkResolver.cpp, line 773]
Event: 6.343 Thread 0x00000008df113100 Exception <a 'java/lang/NoSuchMethodError'{0x000000052f792ea0}: 'java.lang.Object java.lang.invoke.Invokers$Holder.invokeExact_MT(java.lang.Object, java.lang.Object, java.lang.Object, java.lang.Object, java.lang.Object)'> (0x000000052f792ea0) 
thrown [src/hotspot/share/interpreter/linkResolver.cpp, line 773]

ZGC Phase Switch (0 events):
No events

VM Operations (20 events):
Event: 1.219 Executing VM operation: Cleanup
Event: 1.219 Executing VM operation: Cleanup done
Event: 5.635 Executing VM operation: HandshakeAllThreads (Deoptimize)
Event: 5.635 Executing VM operation: HandshakeAllThreads (Deoptimize) done
Event: 5.635 Executing VM operation: Cleanup
Event: 5.635 Executing VM operation: Cleanup done
Event: 5.856 Executing VM operation: ICBufferFull
Event: 5.856 Executing VM operation: ICBufferFull done
Event: 5.993 Executing VM operation: HandshakeAllThreads (Deoptimize)
Event: 5.993 Executing VM operation: HandshakeAllThreads (Deoptimize) done
Event: 5.998 Executing VM operation: HandshakeAllThreads (Deoptimize)
Event: 5.998 Executing VM operation: HandshakeAllThreads (Deoptimize) done
Event: 5.999 Executing VM operation: HandshakeAllThreads (Deoptimize)
Event: 5.999 Executing VM operation: HandshakeAllThreads (Deoptimize) done
Event: 6.322 Executing VM operation: ICBufferFull
Event: 6.323 Executing VM operation: ICBufferFull done
Event: 7.328 Executing VM operation: Cleanup
Event: 7.328 Executing VM operation: Cleanup done
Event: 8.303 Executing VM operation: G1CollectForAllocation (G1 Evacuation Pause)
Event: 8.311 Executing VM operation: G1CollectForAllocation (G1 Evacuation Pause) done

Memory protections (20 events):
Event: 6.075 Protecting memory [0x00000001747c0000,0x00000001747cc000] with protection modes 0
Event: 6.077 Protecting memory [0x00000001749cc000,0x00000001749d8000] with protection modes 0
Event: 6.077 Protecting memory [0x00000001749cc000,0x00000001749d8000] with protection modes 3
Event: 6.077 Protecting memory [0x0000000174bd8000,0x0000000174be4000] with protection modes 0
Event: 6.078 Protecting memory [0x0000000174de4000,0x0000000174df0000] with protection modes 0
Event: 6.078 Protecting memory [0x0000000174de4000,0x0000000174df0000] with protection modes 3
Event: 6.078 Protecting memory [0x0000000174ff0000,0x0000000174ffc000] with protection modes 0
Event: 6.080 Protecting memory [0x00000001751fc000,0x0000000175208000] with protection modes 0
Event: 6.080 Protecting memory [0x00000001751fc000,0x0000000175208000] with protection modes 3
Event: 6.080 Protecting memory [0x0000000175408000,0x0000000175414000] with protection modes 0
Event: 6.151 Protecting memory [0x00000001751fc000,0x0000000175208000] with protection modes 0
Event: 6.284 Protecting memory [0x0000000175614000,0x0000000175620000] with protection modes 0
Event: 6.284 Protecting memory [0x0000000175820000,0x000000017582c000] with protection modes 0
Event: 8.301 Protecting memory [0x0000000176d50000,0x0000000176d5c000] with protection modes 0
Event: 8.302 Protecting memory [0x0000000176f5c000,0x0000000176f68000] with protection modes 0
Event: 8.313 Protecting memory [0x0000000173f90000,0x0000000173f9c000] with protection modes 3
Event: 8.326 Protecting memory [0x0000000174bd8000,0x0000000174be4000] with protection modes 3
Event: 8.326 Protecting memory [0x0000000172444000,0x0000000172450000] with protection modes 3
Event: 8.326 Protecting memory [0x0000000174ff0000,0x0000000174ffc000] with protection modes 3
Event: 8.327 Protecting memory [0x0000000175408000,0x0000000175414000] with protection modes 3

Nmethod flushes (0 events):
No events

Events (20 events):
Event: 6.075 Thread 0x00000008df8ec000 Thread exited: 0x00000008df8ec000
Event: 6.077 Thread 0x00000008df2d4700 Thread added: 0x00000008df8ec000
Event: 6.077 Thread 0x00000008df2d4700 Thread added: 0x00000008df924000
Event: 6.077 Thread 0x00000008df8ec000 Thread exited: 0x00000008df8ec000
Event: 6.078 Thread 0x00000008df2d4700 Thread added: 0x00000008df924700
Event: 6.078 Thread 0x00000008df2d4700 Thread added: 0x00000008df924e00
Event: 6.078 Thread 0x00000008df924700 Thread exited: 0x00000008df924700
Event: 6.080 Thread 0x00000008df2d4700 Thread added: 0x00000008df924700
Event: 6.080 Thread 0x00000008df2d4700 Thread added: 0x00000008df925500
Event: 6.080 Thread 0x00000008df924700 Thread exited: 0x00000008df924700
Event: 6.151 Thread 0x00000008df924700 Thread added: 0x00000008df924700
Event: 6.284 Thread 0x00000008df2d4700 Thread added: 0x00000008df925c00
Event: 6.284 Thread 0x00000008df925c00 Thread added: 0x00000008df926300
Event: 8.301 Thread 0x00000008df925c00 Thread added: 0x00000008df926a00
Event: 8.302 Thread 0x00000008df2d4700 Thread added: 0x00000008df927100
Event: 8.318 Thread 0x00000008df8eea00 Thread exited: 0x00000008df8eea00
Event: 8.326 Thread 0x00000008df924000 Thread exited: 0x00000008df924000
Event: 8.327 Thread 0x00000008df2d7100 Thread exited: 0x00000008df2d7100
Event: 8.327 Thread 0x00000008df925500 Thread exited: 0x00000008df925500
Event: 8.327 Thread 0x00000008df924e00 Thread exited: 0x00000008df924e00


Dynamic libraries:
0x0000000100c58000 	/Library/Java/JavaVirtualMachines/temurin-21.jdk/Contents/Home/lib/libjli.dylib
0x00000001b820e000 	/System/Library/Frameworks/Cocoa.framework/Versions/A/Cocoa
0x000000019d5d3000 	/System/Library/Frameworks/AppKit.framework/Versions/C/AppKit
0x00000001a0c26000 	/System/Library/Frameworks/CoreData.framework/Versions/A/CoreData
0x000000019a9cd000 	/System/Library/Frameworks/Foundation.framework/Versions/C/Foundation
0x00000001a8bdc000 	/usr/lib/libSystem.B.dylib
0x000000019ecff000 	/System/Library/PrivateFrameworks/UIFoundation.framework/Versions/A/UIFoundation
0x000000025295d000 	/System/Library/PrivateFrameworks/CollectionViewCore.framework/Versions/A/CollectionViewCore
0x00000001a5f6d000 	/System/Library/PrivateFrameworks/XCTTargetBootstrap.framework/Versions/A/XCTTargetBootstrap
0x00000001ab63d000 	/System/Library/PrivateFrameworks/InternationalSupport.framework/Versions/A/InternationalSupport
0x00000001ab997000 	/System/Library/PrivateFrameworks/UserActivity.framework/Versions/A/UserActivity
0x00000001a12b6000 	/System/Library/PrivateFrameworks/BaseBoard.framework/Versions/A/BaseBoard
0x000000025b128000 	/System/Library/PrivateFrameworks/FrontBoard.framework/Versions/A/FrontBoard
0x00000001b3050000 	/System/Library/PrivateFrameworks/FrontBoardServices.framework/Versions/A/FrontBoardServices
0x0000000297065000 	/usr/lib/libRosetta.dylib
0x000000028a91e000 	/System/Library/PrivateFrameworks/UIIntelligenceSupport.framework/Versions/A/UIIntelligenceSupport
0x00000002478ba000 	/System/Library/Frameworks/SwiftUICore.framework/Versions/A/SwiftUICore
0x0000000290ece000 	/System/Library/PrivateFrameworks/WritingTools.framework/Versions/A/WritingTools
0x000000028fd1f000 	/System/Library/PrivateFrameworks/WindowManagement.framework/Versions/A/WindowManagement
0x000000019a62c000 	/System/Library/Frameworks/SystemConfiguration.framework/Versions/A/SystemConfiguration
0x00000001aa877000 	/usr/lib/libspindump.dylib
0x000000019eeba000 	/System/Library/Frameworks/UniformTypeIdentifiers.framework/Versions/A/UniformTypeIdentifiers
0x00000001a7e73000 	/usr/lib/libbsm.0.dylib
0x00000001a3677000 	/usr/lib/libapp_launch_measurement.dylib
0x00000001a2979000 	/System/Library/PrivateFrameworks/CoreAnalytics.framework/Versions/A/CoreAnalytics
0x00000001a367b000 	/System/Library/PrivateFrameworks/CoreAutoLayout.framework/Versions/A/CoreAutoLayout
0x00000001a54b8000 	/System/Library/Frameworks/Metal.framework/Versions/A/Metal
0x00000001a68c0000 	/usr/lib/liblangid.dylib
0x00000001a5f73000 	/System/Library/PrivateFrameworks/CoreSVG.framework/Versions/A/CoreSVG
0x000000019f91b000 	/System/Library/PrivateFrameworks/SkyLight.framework/Versions/A/SkyLight
0x000000025ae61000 	/System/Library/PrivateFrameworks/FocusEngine.framework/Versions/A/FocusEngine
0x000000019fec2000 	/System/Library/Frameworks/CoreGraphics.framework/Versions/A/CoreGraphics
0x0000000258a5c000 	/System/Library/PrivateFrameworks/DesignLibrary.framework/Versions/A/DesignLibrary
0x00000001b1318000 	/System/Library/Frameworks/Accelerate.framework/Versions/A/Accelerate
0x00000001aa66c000 	/System/Library/PrivateFrameworks/IconServices.framework/Versions/A/IconServices
0x00000001a5490000 	/System/Library/Frameworks/IOSurface.framework/Versions/A/IOSurface
0x00000001a29a9000 	/usr/lib/libDiagnosticMessagesClient.dylib
0x00000001a8b25000 	/usr/lib/libz.1.dylib
0x00000001b5640000 	/System/Library/Frameworks/ApplicationServices.framework/Versions/A/ApplicationServices
0x00000001a5f58000 	/System/Library/PrivateFrameworks/DFRFoundation.framework/Versions/A/DFRFoundation
0x000000019ce22000 	/usr/lib/libicucore.A.dylib
0x00000001acbd4000 	/System/Library/Frameworks/AudioToolbox.framework/Versions/A/AudioToolbox
0x00000001ab945000 	/System/Library/PrivateFrameworks/DataDetectorsCore.framework/Versions/A/DataDetectorsCore
0x000000028b52d000 	/System/Library/PrivateFrameworks/UpdateCycle.framework/Versions/A/UpdateCycle
0x00000001c9830000 	/System/Library/PrivateFrameworks/TextInput.framework/Versions/A/TextInput
0x000000019f85d000 	/usr/lib/libMobileGestalt.dylib
0x00000001a5c54000 	/System/Library/Frameworks/Carbon.framework/Versions/A/Frameworks/HIToolbox.framework/Versions/A/HIToolbox
0x00000001a2ede000 	/System/Library/Frameworks/QuartzCore.framework/Versions/A/QuartzCore
0x000000019c9fd000 	/System/Library/Frameworks/Security.framework/Versions/A/Security
0x00000001b0c97000 	/System/Library/Frameworks/Carbon.framework/Versions/A/Frameworks/SpeechRecognition.framework/Versions/A/SpeechRecognition
0x00000001a3346000 	/System/Library/PrivateFrameworks/CoreUI.framework/Versions/A/CoreUI
0x000000019c24b000 	/System/Library/Frameworks/CoreAudio.framework/Versions/A/CoreAudio
0x00000001a2a9d000 	/System/Library/Frameworks/DiskArbitration.framework/Versions/A/DiskArbitration
0x00000001aae17000 	/System/Library/PrivateFrameworks/MultitouchSupport.framework/Versions/A/MultitouchSupport
0x000000019f85b000 	/usr/lib/libenergytrace.dylib
0x00000001bcd1c000 	/System/Library/PrivateFrameworks/RenderBox.framework/Versions/A/RenderBox
0x000000019d47a000 	/System/Library/Frameworks/IOKit.framework/Versions/A/IOKit
0x00000001b10a1000 	/System/Library/Frameworks/CoreServices.framework/Versions/A/CoreServices
0x00000001a3608000 	/System/Library/PrivateFrameworks/PerformanceAnalysis.framework/Versions/A/PerformanceAnalysis
0x000000023d2a4000 	/System/Library/Frameworks/OpenGL.framework/Versions/A/OpenGL
0x00000001a36c5000 	/usr/lib/libxml2.2.dylib
0x00000001a7d54000 	/System/Library/PrivateFrameworks/MobileKeyBag.framework/Versions/A/MobileKeyBag
0x0000000198ce4000 	/usr/lib/libobjc.A.dylib
0x000000019904a000 	/usr/lib/libc++.1.dylib
0x00000001b101e000 	/System/Library/Frameworks/Accessibility.framework/Versions/A/Accessibility
0x00000001a061c000 	/System/Library/Frameworks/ColorSync.framework/Versions/A/ColorSync
0x000000019917b000 	/System/Library/Frameworks/CoreFoundation.framework/Versions/A/CoreFoundation
0x00000001a6300000 	/System/Library/Frameworks/CoreImage.framework/Versions/A/CoreImage
0x000000019c01e000 	/System/Library/Frameworks/CoreText.framework/Versions/A/CoreText
0x000000023ebae000 	/System/Library/Frameworks/CoreTransferable.framework/Versions/A/CoreTransferable
0x000000023f0ea000 	/System/Library/Frameworks/DataDetection.framework/Versions/A/DataDetection
0x000000023f0ff000 	/System/Library/Frameworks/DeveloperToolsSupport.framework/Versions/A/DeveloperToolsSupport
0x00000001a5fb1000 	/System/Library/Frameworks/ImageIO.framework/Versions/A/ImageIO
0x0000000248830000 	/System/Library/Frameworks/Symbols.framework/Versions/A/Symbols
0x00000001cea55000 	/System/Library/PrivateFrameworks/AttributeGraph.framework/Versions/A/AttributeGraph
0x00000001b312f000 	/System/Library/PrivateFrameworks/BoardServices.framework/Versions/A/BoardServices
0x00000001f3211000 	/System/Library/PrivateFrameworks/FeatureFlags.framework/Versions/A/FeatureFlags
0x00000002640a1000 	/System/Library/PrivateFrameworks/Gestures.framework/Versions/A/Gestures
0x00000001a8be1000 	/System/Library/PrivateFrameworks/SoftLinking.framework/Versions/A/SoftLinking
0x00000001dd2f6000 	/usr/lib/swift/libswiftAccelerate.dylib
0x00000001d3770000 	/usr/lib/swift/libswiftCompression.dylib
0x00000001ac53c000 	/usr/lib/swift/libswiftCore.dylib
0x00000001c5b06000 	/usr/lib/swift/libswiftCoreFoundation.dylib
0x00000001c5b5f000 	/usr/lib/swift/libswiftCoreImage.dylib
0x00000001b2dcb000 	/usr/lib/swift/libswiftDispatch.dylib
0x00000001c5b60000 	/usr/lib/swift/libswiftIOKit.dylib
0x00000001d3763000 	/usr/lib/swift/libswiftMetal.dylib
0x00000001e2ae5000 	/usr/lib/swift/libswiftOSLog.dylib
0x00000001b5c91000 	/usr/lib/swift/libswiftObjectiveC.dylib
0x00000002982a3000 	/usr/lib/swift/libswiftObservation.dylib
0x00000001d8a7c000 	/usr/lib/swift/libswiftQuartzCore.dylib
0x00000002983e2000 	/usr/lib/swift/libswiftSynchronization.dylib
0x00000001dd2e7000 	/usr/lib/swift/libswiftUniformTypeIdentifiers.dylib
0x00000001c5b18000 	/usr/lib/swift/libswiftXPC.dylib
0x000000029841c000 	/usr/lib/swift/libswift_Builtin_float.dylib
0x000000029841f000 	/usr/lib/swift/libswift_Concurrency.dylib
0x00000001b5c95000 	/usr/lib/swift/libswiftos.dylib
0x00000001c95c0000 	/usr/lib/swift/libswiftsimd.dylib
0x00000001a8e08000 	/usr/lib/libcompression.dylib
0x00000001ab59d000 	/System/Library/PrivateFrameworks/TextureIO.framework/Versions/A/TextureIO
0x00000001a07c8000 	/System/Library/Frameworks/ApplicationServices.framework/Versions/A/Frameworks/HIServices.framework/Versions/A/HIServices
0x00000001aa2f5000 	/usr/lib/libate.dylib
0x00000001a8bd6000 	/usr/lib/system/libcache.dylib
0x00000001a8b91000 	/usr/lib/system/libcommonCrypto.dylib
0x00000001a8bbc000 	/usr/lib/system/libcompiler_rt.dylib
0x00000001a8bb1000 	/usr/lib/system/libcopyfile.dylib
0x0000000198e84000 	/usr/lib/system/libcorecrypto.dylib
0x0000000198f7d000 	/usr/lib/system/libdispatch.dylib
0x0000000198d38000 	/usr/lib/system/libdyld.dylib
0x00000001a8bcc000 	/usr/lib/system/libkeymgr.dylib
0x00000001a8b74000 	/usr/lib/system/libmacho.dylib
0x00000001a7e4b000 	/usr/lib/system/libquarantine.dylib
0x00000001a8bc9000 	/usr/lib/system/libremovefile.dylib
0x000000019f8de000 	/usr/lib/system/libsystem_asl.dylib
0x0000000198e09000 	/usr/lib/system/libsystem_blocks.dylib
0x0000000198fc7000 	/usr/lib/system/libsystem_c.dylib
0x00000001a8bc0000 	/usr/lib/system/libsystem_collections.dylib
0x00000001a68ad000 	/usr/lib/system/libsystem_configuration.dylib
0x00000001a5457000 	/usr/lib/system/libsystem_containermanager.dylib
0x00000001a85db000 	/usr/lib/system/libsystem_coreservices.dylib
0x000000019d0f4000 	/usr/lib/system/libsystem_darwin.dylib
0x0000000298772000 	/usr/lib/system/libsystem_darwindirectory.dylib
0x00000001a8bcd000 	/usr/lib/system/libsystem_dnssd.dylib
0x0000000298776000 	/usr/lib/system/libsystem_eligibility.dylib
0x0000000198fc4000 	/usr/lib/system/libsystem_featureflags.dylib
0x000000019914b000 	/usr/lib/system/libsystem_info.dylib
0x00000001a8b35000 	/usr/lib/system/libsystem_m.dylib
0x0000000198f31000 	/usr/lib/system/libsystem_malloc.dylib
0x000000019f840000 	/usr/lib/system/libsystem_networkextension.dylib
0x000000019d565000 	/usr/lib/system/libsystem_notify.dylib
0x00000001a68b2000 	/usr/lib/system/libsystem_sandbox.dylib
0x0000000298780000 	/usr/lib/system/libsystem_sanitizers.dylib
0x00000001a8bc5000 	/usr/lib/system/libsystem_secinit.dylib
0x00000001990f8000 	/usr/lib/system/libsystem_kernel.dylib
0x0000000199142000 	/usr/lib/system/libsystem_platform.dylib
0x0000000199135000 	/usr/lib/system/libsystem_pthread.dylib
0x00000001a149a000 	/usr/lib/system/libsystem_symptoms.dylib
0x0000000198e63000 	/usr/lib/system/libsystem_trace.dylib
0x0000000298788000 	/usr/lib/system/libsystem_trial.dylib
0x00000001a8b9f000 	/usr/lib/system/libunwind.dylib
0x0000000198e0d000 	/usr/lib/system/libxpc.dylib
0x00000001990dd000 	/usr/lib/libc++abi.dylib
0x0000000297fb3000 	/usr/lib/libswiftPrespecialized.dylib
0x00000001a8bde000 	/usr/lib/libfakelink.dylib
0x000000019f484000 	/System/Library/Frameworks/CFNetwork.framework/Versions/A/CFNetwork
0x00000001a8c32000 	/usr/lib/libarchive.2.dylib
0x00000001aedac000 	/System/Library/Frameworks/Combine.framework/Versions/A/Combine
0x0000000252982000 	/System/Library/PrivateFrameworks/CollectionsInternal.framework/Versions/A/CollectionsInternal
0x0000000279ac7000 	/System/Library/PrivateFrameworks/ReflectionInternal.framework/Versions/A/ReflectionInternal
0x000000027a953000 	/System/Library/PrivateFrameworks/RuntimeInternal.framework/Versions/A/RuntimeInternal
0x00000001c29b0000 	/usr/lib/swift/libswiftDarwin.dylib
0x00000002983ea000 	/usr/lib/swift/libswiftSystem.dylib
0x00000002984a9000 	/usr/lib/swift/libswift_DarwinFoundation1.dylib
0x000000029858a000 	/usr/lib/swift/libswift_StringProcessing.dylib
0x000000019d3f9000 	/System/Library/PrivateFrameworks/CoreServicesInternal.framework/Versions/A/CoreServicesInternal
0x00000001a8ba9000 	/usr/lib/liboah.dylib
0x00000001b50de000 	/System/Library/PrivateFrameworks/DiskImages.framework/Versions/A/DiskImages
0x00000001c2472000 	/System/Library/Frameworks/NetFS.framework/Versions/A/NetFS
0x00000001a363f000 	/System/Library/Frameworks/CoreServices.framework/Versions/A/Frameworks/FSEvents.framework/Versions/A/FSEvents
0x000000019d0ff000 	/System/Library/Frameworks/CoreServices.framework/Versions/A/Frameworks/CarbonCore.framework/Versions/A/CarbonCore
0x00000001a2a11000 	/System/Library/Frameworks/CoreServices.framework/Versions/A/Frameworks/Metadata.framework/Versions/A/Metadata
0x00000001a85e3000 	/System/Library/Frameworks/CoreServices.framework/Versions/A/Frameworks/OSServices.framework/Versions/A/OSServices
0x00000001a8d2a000 	/System/Library/Frameworks/CoreServices.framework/Versions/A/Frameworks/SearchKit.framework/Versions/A/SearchKit
0x00000001a1413000 	/System/Library/Frameworks/CoreServices.framework/Versions/A/Frameworks/AE.framework/Versions/A/AE
0x00000001996c5000 	/System/Library/Frameworks/CoreServices.framework/Versions/A/Frameworks/LaunchServices.framework/Versions/A/LaunchServices
0x00000001aa14b000 	/System/Library/Frameworks/CoreServices.framework/Versions/A/Frameworks/DictionaryServices.framework/Versions/A/DictionaryServices
0x00000001a364d000 	/System/Library/Frameworks/CoreServices.framework/Versions/A/Frameworks/SharedFileList.framework/Versions/A/SharedFileList
0x00000001a8dbf000 	/usr/lib/libapple_nghttp2.dylib
0x00000001a102d000 	/usr/lib/libsqlite3.dylib
0x00000001b5326000 	/System/Library/PrivateFrameworks/AppSupport.framework/Versions/A/AppSupport
0x00000001ad26e000 	/System/Library/Frameworks/GSS.framework/Versions/A/GSS
0x00000001a13a7000 	/System/Library/PrivateFrameworks/RunningBoardServices.framework/Versions/A/RunningBoardServices
0x00000001b5c1f000 	/System/Library/PrivateFrameworks/StreamingZip.framework/Versions/A/StreamingZip
0x00000001a14a3000 	/System/Library/Frameworks/Network.framework/Versions/A/Network
0x00000001a8b78000 	/usr/lib/system/libkxld.dylib
0x000000024e221000 	/System/Library/PrivateFrameworks/AppleKeyStore.framework/Versions/A/AppleKeyStore
0x0000000296d48000 	/usr/lib/libCoreEntitlements.dylib
0x000000026f9d0000 	/System/Library/PrivateFrameworks/MessageSecurity.framework/Versions/A/MessageSecurity
0x00000001a1011000 	/System/Library/PrivateFrameworks/ProtocolBuffer.framework/Versions/A/ProtocolBuffer
0x00000001b21cc000 	/System/Library/PrivateFrameworks/SymptomDiagnosticReporter.framework/Versions/A/SymptomDiagnosticReporter
0x00000001aa38f000 	/System/Library/PrivateFrameworks/CrashReporterSupport.framework/Versions/A/CrashReporterSupport
0x00000001a85c2000 	/System/Library/PrivateFrameworks/AppleFSCompression.framework/Versions/A/AppleFSCompression
0x00000001a7e5b000 	/usr/lib/libcoretls.dylib
0x00000001aa1c2000 	/usr/lib/libcoretls_cfhelpers.dylib
0x00000001a8e01000 	/usr/lib/libpam.2.dylib
0x00000001aa234000 	/usr/lib/libxar.1.dylib
0x00000001aa1c4000 	/System/Library/PrivateFrameworks/APFS.framework/Versions/A/APFS
0x00000002853d9000 	/System/Library/PrivateFrameworks/SwiftASN1Internal.framework/Versions/A/SwiftASN1Internal
0x00000001aa243000 	/usr/lib/libutil.dylib
0x00000001a68bb000 	/System/Library/PrivateFrameworks/AppleSystemInfo.framework/Versions/A/AppleSystemInfo
0x00000001a7b43000 	/System/Library/PrivateFrameworks/IOMobileFramebuffer.framework/Versions/A/IOMobileFramebuffer
0x00000001c59cc000 	/System/Library/PrivateFrameworks/LoggingSupport.framework/Versions/A/LoggingSupport
0x00000001ad2d1000 	/System/Library/PrivateFrameworks/MobileAsset.framework/Versions/A/MobileAsset
0x00000001b21dc000 	/System/Library/PrivateFrameworks/PowerLog.framework/Versions/A/PowerLog
0x000000024774c000 	/System/Library/Frameworks/SwiftData.framework/Versions/A/SwiftData
0x00000001a3872000 	/System/Library/PrivateFrameworks/UserManagement.framework/Versions/A/UserManagement
0x000000019f3af000 	/usr/lib/libboringssl.dylib
0x00000001a1488000 	/usr/lib/libdns_services.dylib
0x00000001c4a06000 	/usr/lib/libquic.dylib
0x00000001ac4cc000 	/usr/lib/libusrtcp.dylib
0x000000024f013000 	/System/Library/PrivateFrameworks/AtomicsInternal.framework/Versions/A/AtomicsInternal
0x00000001eb371000 	/System/Library/PrivateFrameworks/InternalSwiftProtobuf.framework/Versions/A/InternalSwiftProtobuf
0x000000029827a000 	/usr/lib/swift/libswiftDistributed.dylib
0x00000001a68b9000 	/System/Library/PrivateFrameworks/AggregateDictionary.framework/Versions/A/AggregateDictionary
0x000000024f7a6000 	/System/Library/PrivateFrameworks/BiomeLibrary.framework/Versions/A/BiomeLibrary
0x00000001d4783000 	/System/Library/PrivateFrameworks/BiomeStreams.framework/Versions/A/BiomeStreams
0x00000001d094e000 	/System/Library/PrivateFrameworks/BiomeFoundation.framework/Versions/A/BiomeFoundation
0x00000001da841000 	/System/Library/PrivateFrameworks/BiomePubSub.framework/Versions/A/BiomePubSub
0x00000001b6c49000 	/System/Library/PrivateFrameworks/ProactiveSupport.framework/Versions/A/ProactiveSupport
0x00000001aa1a3000 	/usr/lib/liblzma.5.dylib
0x00000001b5641000 	/System/Library/PrivateFrameworks/InternationalTextSearch.framework/Versions/A/InternationalTextSearch
0x00000001cce52000 	/System/Library/PrivateFrameworks/SoftwareUpdateCoreSupport.framework/Versions/A/SoftwareUpdateCoreSupport
0x00000001d5207000 	/System/Library/PrivateFrameworks/SoftwareUpdateCoreConnect.framework/Versions/A/SoftwareUpdateCoreConnect
0x00000001b51dc000 	/System/Library/PrivateFrameworks/RemoteServiceDiscovery.framework/Versions/A/RemoteServiceDiscovery
0x00000001cca49000 	/System/Library/PrivateFrameworks/MSUDataAccessor.framework/Versions/A/MSUDataAccessor
0x00000001c7b28000 	/usr/lib/libbootpolicy.dylib
0x00000001b51f3000 	/System/Library/PrivateFrameworks/RemoteXPC.framework/Versions/A/RemoteXPC
0x00000001d464f000 	/usr/lib/libFDR.dylib
0x00000001da462000 	/usr/lib/libamsupport.dylib
0x000000029705d000 	/usr/lib/libReverseProxyDevice.dylib
0x000000024db4a000 	/System/Library/PrivateFrameworks/AppleDeviceQuerySupport.framework/Versions/A/AppleDeviceQuerySupport
0x00000001dd4f6000 	/usr/lib/libpartition2_dynamic.dylib
0x00000001a8d9b000 	/System/Library/PrivateFrameworks/AppleSauce.framework/Versions/A/AppleSauce
0x0000000296be9000 	/usr/lib/libAppleArchive.dylib
0x00000001a85ce000 	/usr/lib/libbz2.1.0.dylib
0x00000001a2aa7000 	/System/Library/Frameworks/Accelerate.framework/Versions/A/Frameworks/vImage.framework/Versions/A/vImage
0x00000001b107b000 	/System/Library/Frameworks/Accelerate.framework/Versions/A/Frameworks/vecLib.framework/Versions/A/vecLib
0x00000001aa27a000 	/System/Library/Frameworks/Accelerate.framework/Versions/A/Frameworks/vecLib.framework/Versions/A/libvMisc.dylib
0x0000000199bc5000 	/System/Library/Frameworks/Accelerate.framework/Versions/A/Frameworks/vecLib.framework/Versions/A/libBLAS.dylib
0x00000001a37ac000 	/System/Library/Frameworks/CoreVideo.framework/Versions/A/CoreVideo
0x00000001ace75000 	/System/Library/Frameworks/ApplicationServices.framework/Versions/A/Frameworks/ATS.framework/Versions/A/ATS
0x00000001ab526000 	/System/Library/Frameworks/ApplicationServices.framework/Versions/A/Frameworks/PrintCore.framework/Versions/A/PrintCore
0x00000001ad237000 	/System/Library/Frameworks/ApplicationServices.framework/Versions/A/Frameworks/QD.framework/Versions/A/QD
0x00000001ad232000 	/System/Library/Frameworks/ApplicationServices.framework/Versions/A/Frameworks/ColorSyncLegacy.framework/Versions/A/ColorSyncLegacy
0x00000001ace47000 	/System/Library/Frameworks/ApplicationServices.framework/Versions/A/Frameworks/SpeechSynthesis.framework/Versions/A/SpeechSynthesis
0x00000001a5982000 	/System/Library/PrivateFrameworks/FontServices.framework/libFontParser.dylib
0x00000001b4f02000 	/System/Library/PrivateFrameworks/BackBoardServices.framework/Versions/A/BackBoardServices
0x000000024f6bf000 	/System/Library/PrivateFrameworks/BackBoardHIDEventFoundation.framework/Versions/A/BackBoardHIDEventFoundation
0x000000019bb2f000 	/System/Library/Frameworks/CoreDisplay.framework/Versions/A/CoreDisplay
0x00000001aae5d000 	/System/Library/Frameworks/VideoToolbox.framework/Versions/A/VideoToolbox
0x00000001a8dff000 	/System/Library/Frameworks/MetalPerformanceShaders.framework/Versions/A/MetalPerformanceShaders
0x0000000278b6a000 	/System/Library/PrivateFrameworks/ProDisplayLibrary.framework/Versions/A/ProDisplayLibrary
0x00000001b8ce0000 	/System/Library/PrivateFrameworks/IOSurfaceAccelerator.framework/Versions/A/IOSurfaceAccelerator
0x00000001a54ad000 	/System/Library/PrivateFrameworks/IOAccelerator.framework/Versions/A/IOAccelerator
0x00000001a57c5000 	/System/Library/Frameworks/CoreMedia.framework/Versions/A/CoreMedia
0x000000019f8f6000 	/System/Library/PrivateFrameworks/TCC.framework/Versions/A/TCC
0x00000001aae15000 	/System/Library/PrivateFrameworks/WatchdogClient.framework/Versions/A/WatchdogClient
0x00000001da89f000 	/System/Library/PrivateFrameworks/BiomeStorage.framework/Versions/A/BiomeStorage
0x000000026a030000 	/System/Library/PrivateFrameworks/IntelligencePlatformLibrary.framework/Versions/A/IntelligencePlatformLibrary
0x0000000277e69000 	/System/Library/PrivateFrameworks/PoirotSchematizer.framework/Versions/A/PoirotSchematizer
0x000000024ffee000 	/System/Library/PrivateFrameworks/BiomeSync.framework/Versions/A/BiomeSync
0x000000024f78c000 	/System/Library/PrivateFrameworks/BiomeDSL.framework/Versions/A/BiomeDSL
0x0000000277ed3000 	/System/Library/PrivateFrameworks/PoirotUDFs.framework/Versions/A/PoirotUDFs
0x0000000277e38000 	/System/Library/PrivateFrameworks/PoirotSQLite.framework/Versions/A/PoirotSQLite
0x00000001b364c000 	/System/Library/PrivateFrameworks/CoreTime.framework/Versions/A/CoreTime
0x00000001a8c17000 	/usr/lib/libiconv.2.dylib
0x00000001a8b73000 	/usr/lib/libcharset.1.dylib
0x00000002984ea000 	/usr/lib/swift/libswift_RegexParser.dylib
0x00000002515fc000 	/System/Library/PrivateFrameworks/CascadeSets.framework/Versions/A/CascadeSets
0x00000001ad441000 	/System/Library/PrivateFrameworks/CorePhoneNumbers.framework/Versions/A/CorePhoneNumbers
0x00000001aabfd000 	/System/Library/PrivateFrameworks/AppleJPEG.framework/Versions/A/AppleJPEG
0x00000001aa5e7000 	/usr/lib/libexpat.1.dylib
0x00000001ab3f9000 	/System/Library/Frameworks/ImageIO.framework/Versions/A/Resources/libPng.dylib
0x00000001ab425000 	/System/Library/Frameworks/ImageIO.framework/Versions/A/Resources/libTIFF.dylib
0x00000001ab50f000 	/System/Library/Frameworks/ImageIO.framework/Versions/A/Resources/libGIF.dylib
0x00000001aac42000 	/System/Library/Frameworks/ImageIO.framework/Versions/A/Resources/libJP2.dylib
0x00000001ab4b5000 	/System/Library/Frameworks/ImageIO.framework/Versions/A/Resources/libJPEG.dylib
0x00000001ab4ac000 	/System/Library/Frameworks/ImageIO.framework/Versions/A/Resources/libRadiance.dylib
0x000000026080f000 	/System/Library/PrivateFrameworks/GPUCompiler.framework/Versions/32023/Libraries/libllvm-flatbuffers.dylib
0x000000025b11b000 	/System/Library/PrivateFrameworks/FramePacing.framework/Versions/A/FramePacing
0x000000023d296000 	/System/Library/Frameworks/OpenGL.framework/Versions/A/Libraries/libCoreFSCache.dylib
0x000000025c25c000 	/System/Library/PrivateFrameworks/GPUCompiler.framework/Versions/32023/Libraries/libGPUCompilerUtils.dylib
0x00000001b31fc000 	/System/Library/PrivateFrameworks/GraphicsServices.framework/Versions/A/GraphicsServices
0x00000001b6dd5000 	/System/Library/PrivateFrameworks/ASEProcessing.framework/Versions/A/ASEProcessing
0x00000001e6b40000 	/System/Library/PrivateFrameworks/Symbolication.framework/Versions/A/Symbolication
0x0000000277a55000 	/System/Library/PrivateFrameworks/PhotosensitivityProcessing.framework/Versions/A/PhotosensitivityProcessing
0x00000001aa819000 	/System/Library/PrivateFrameworks/GraphVisualizer.framework/Versions/A/GraphVisualizer
0x000000023d2f5000 	/System/Library/Frameworks/OpenGL.framework/Versions/A/Libraries/libGLU.dylib
0x000000023d2b8000 	/System/Library/Frameworks/OpenGL.framework/Versions/A/Libraries/libGFXShared.dylib
0x000000023d484000 	/System/Library/Frameworks/OpenGL.framework/Versions/A/Libraries/libGL.dylib
0x000000023d2c1000 	/System/Library/Frameworks/OpenGL.framework/Versions/A/Libraries/libGLImage.dylib
0x000000023d2b5000 	/System/Library/Frameworks/OpenGL.framework/Versions/A/Libraries/libCVMSPluginSupport.dylib
0x000000023d29e000 	/System/Library/Frameworks/OpenGL.framework/Versions/A/Libraries/libCoreVMClient.dylib
0x000000025b026000 	/System/Library/PrivateFrameworks/FontServices.framework/Versions/A/FontServices
0x00000001aa829000 	/System/Library/PrivateFrameworks/OTSVG.framework/Versions/A/OTSVG
0x00000001a32f3000 	/System/Library/Frameworks/ApplicationServices.framework/Versions/A/Frameworks/ATS.framework/Versions/A/Resources/libFontRegistry.dylib
0x000000029756d000 	/usr/lib/libhvf.dylib
0x000000027488d000 	/System/Library/PrivateFrameworks/ParsingInternal.framework/Versions/A/ParsingInternal
0x000000025b02a000 	/System/Library/PrivateFrameworks/FontServices.framework/libXTFontStaticRegistryData.dylib
0x00000001a67f8000 	/System/Library/Frameworks/MetalPerformanceShaders.framework/Versions/A/Frameworks/MPSCore.framework/Versions/A/MPSCore
0x00000001a852d000 	/System/Library/Frameworks/MetalPerformanceShaders.framework/Versions/A/Frameworks/MPSImage.framework/Versions/A/MPSImage
0x00000001a7efe000 	/System/Library/Frameworks/MetalPerformanceShaders.framework/Versions/A/Frameworks/MPSNeuralNetwork.framework/Versions/A/MPSNeuralNetwork
0x00000001a8336000 	/System/Library/Frameworks/MetalPerformanceShaders.framework/Versions/A/Frameworks/MPSMatrix.framework/Versions/A/MPSMatrix
0x00000001a814b000 	/System/Library/Frameworks/MetalPerformanceShaders.framework/Versions/A/Frameworks/MPSRayIntersector.framework/Versions/A/MPSRayIntersector
0x00000001a8368000 	/System/Library/Frameworks/MetalPerformanceShaders.framework/Versions/A/Frameworks/MPSNDArray.framework/Versions/A/MPSNDArray
0x000000024142d000 	/System/Library/Frameworks/MetalPerformanceShaders.framework/Versions/A/Frameworks/MPSFunctions.framework/Versions/A/MPSFunctions
0x000000024140e000 	/System/Library/Frameworks/MetalPerformanceShaders.framework/Versions/A/Frameworks/MPSBenchmarkLoop.framework/Versions/A/MPSBenchmarkLoop
0x0000000241442000 	/System/Library/Frameworks/MetalPerformanceShaders.framework/Versions/A/Frameworks/MPSHost.framework/Versions/A/MPSHost
0x00000001999e1000 	/System/Library/PrivateFrameworks/MetalTools.framework/Versions/A/MetalTools
0x00000001cac6c000 	/System/Library/PrivateFrameworks/IOAccelMemoryInfo.framework/Versions/A/IOAccelMemoryInfo
0x00000001d8e72000 	/System/Library/PrivateFrameworks/kperf.framework/Versions/A/kperf
0x00000001c5ae2000 	/System/Library/PrivateFrameworks/GPURawCounter.framework/Versions/A/GPURawCounter
0x00000001b3535000 	/System/Library/PrivateFrameworks/CoreSymbolication.framework/Versions/A/CoreSymbolication
0x00000001c5a59000 	/System/Library/PrivateFrameworks/MallocStackLogging.framework/Versions/A/MallocStackLogging
0x00000001b3512000 	/System/Library/PrivateFrameworks/DebugSymbols.framework/Versions/A/DebugSymbols
0x00000001d76d8000 	/System/Library/PrivateFrameworks/OSAnalytics.framework/Versions/A/OSAnalytics
0x0000000258f13000 	/System/Library/PrivateFrameworks/DeviceRecovery.framework/Versions/A/DeviceRecovery
0x000000023f244000 	/System/Library/Frameworks/ExtensionFoundation.framework/Versions/A/ExtensionFoundation
0x00000001aa86a000 	/System/Library/PrivateFrameworks/AppServerSupport.framework/Versions/A/AppServerSupport
0x00000002405ac000 	/System/Library/Frameworks/LightweightCodeRequirements.framework/Versions/A/LightweightCodeRequirements
0x00000001aa4e6000 	/System/Library/PrivateFrameworks/PlugInKit.framework/Versions/A/PlugInKit
0x00000001a7d6c000 	/System/Library/PrivateFrameworks/AssertionServices.framework/Versions/A/AssertionServices
0x00000001aa60c000 	/System/Library/PrivateFrameworks/IconFoundation.framework/Versions/A/IconFoundation
0x0000000266f32000 	/System/Library/PrivateFrameworks/IconRendering.framework/Versions/A/IconRendering
0x000000027ab04000 	/System/Library/PrivateFrameworks/SFSymbols.framework/Versions/A/SFSymbols
0x000000019bc53000 	/System/Library/PrivateFrameworks/AudioToolboxCore.framework/Versions/A/AudioToolboxCore
0x00000001acdaf000 	/System/Library/PrivateFrameworks/AudioSession.framework/Versions/A/AudioSession
0x00000001b8021000 	/System/Library/Frameworks/CoreMIDI.framework/Versions/A/CoreMIDI
0x00000001ace2e000 	/usr/lib/libAudioStatistics.dylib
0x00000001a579c000 	/System/Library/PrivateFrameworks/caulk.framework/Versions/A/caulk
0x00000001ab3d3000 	/usr/lib/libAudioToolboxUtility.dylib
0x00000001c5ae6000 	/usr/lib/swift/libswiftCoreAudio.dylib
0x00000001cc292000 	/usr/lib/swift/libswiftCoreMIDI.dylib
0x00000001ad240000 	/System/Library/PrivateFrameworks/perfdata.framework/Versions/A/perfdata
0x00000001c4b03000 	/System/Library/PrivateFrameworks/SystemPolicy.framework/Versions/A/SystemPolicy
0x00000001ad0e5000 	/usr/lib/libSMC.dylib
0x00000001ad24e000 	/usr/lib/libperfcheck.dylib
0x000000024f0d3000 	/System/Library/PrivateFrameworks/AudioAnalytics.framework/Versions/A/AudioAnalytics
0x00000002984ad000 	/usr/lib/swift/libswift_DarwinFoundation2.dylib
0x00000002984ae000 	/usr/lib/swift/libswift_DarwinFoundation3.dylib
0x00000001eb06e000 	/System/Library/Frameworks/OSLog.framework/Versions/A/OSLog
0x00000001c5a8b000 	/usr/lib/libmis.dylib
0x00000001aa72a000 	/System/Library/PrivateFrameworks/MediaExperience.framework/Versions/A/MediaExperience
0x00000001acb7d000 	/System/Library/PrivateFrameworks/AudioSession.framework/libSessionUtility.dylib
0x00000001ab515000 	/System/Library/PrivateFrameworks/CMCaptureCore.framework/Versions/A/CMCaptureCore
0x00000001b20c6000 	/System/Library/Frameworks/CoreBluetooth.framework/Versions/A/CoreBluetooth
0x00000001a7bd8000 	/System/Library/PrivateFrameworks/CoreUtils.framework/Versions/A/CoreUtils
0x00000001bda43000 	/System/Library/PrivateFrameworks/HID.framework/Versions/A/HID
0x0000000258310000 	/System/Library/PrivateFrameworks/CoreUtilsExtras.framework/Versions/A/CoreUtilsExtras
0x0000000266e87000 	/System/Library/PrivateFrameworks/IO80211.framework/Versions/A/IO80211
0x00000001aeaff000 	/System/Library/Frameworks/IOBluetooth.framework/Versions/A/IOBluetooth
0x000000024ecc1000 	/System/Library/PrivateFrameworks/ArgumentParserInternal.framework/Versions/A/ArgumentParserInternal
0x00000001aa386000 	/usr/lib/libIOReport.dylib
0x00000001a7d7b000 	/System/Library/Frameworks/SecurityFoundation.framework/Versions/A/SecurityFoundation
0x000000019a3a4000 	/System/Library/PrivateFrameworks/Lexicon.framework/Versions/A/Lexicon
0x00000001a7ee6000 	/usr/lib/libgermantok.dylib
0x00000001a69e4000 	/System/Library/PrivateFrameworks/LinguisticData.framework/Versions/A/LinguisticData
0x00000001b22ce000 	/System/Library/PrivateFrameworks/MediaKit.framework/Versions/A/MediaKit
0x00000001b2219000 	/System/Library/Frameworks/DiscRecording.framework/Versions/A/DiscRecording
0x00000001aa602000 	/usr/lib/libheimdal-asn1.dylib
0x00000001b5bf5000 	/System/Library/Frameworks/AudioUnit.framework/Versions/A/AudioUnit
0x00000001a3612000 	/System/Library/Frameworks/OpenDirectory.framework/Versions/A/OpenDirectory
0x00000001a3620000 	/System/Library/Frameworks/OpenDirectory.framework/Versions/A/Frameworks/CFOpenDirectory.framework/Versions/A/CFOpenDirectory
0x000000023d808000 	/System/Library/Frameworks/AVFAudio.framework/Versions/A/AVFAudio
0x00000001bea14000 	/usr/lib/libAccessibility.dylib
0x000000026abd7000 	/System/Library/PrivateFrameworks/IsolatedCoreAudioClient.framework/Versions/A/IsolatedCoreAudioClient
0x00000001e133e000 	/usr/lib/swift/libswiftCoreMedia.dylib
0x00000002889b4000 	/System/Library/PrivateFrameworks/Tightbeam.framework/Versions/A/Tightbeam
0x0000000254210000 	/System/Library/PrivateFrameworks/CoreAudioOrchestration.framework/Versions/A/CoreAudioOrchestration
0x00000001dda49000 	/System/Library/PrivateFrameworks/AFKUser.framework/Versions/A/AFKUser
0x00000001b1368000 	/System/Library/Frameworks/MediaAccessibility.framework/Versions/A/MediaAccessibility
0x000000028cbcf000 	/System/Library/PrivateFrameworks/VideoToolboxParavirtualizationSupport.framework/Versions/A/VideoToolboxParavirtualizationSupport
0x00000001aa59e000 	/System/Library/PrivateFrameworks/AppleVA.framework/Versions/A/AppleVA
0x00000001ab4a7000 	/System/Library/PrivateFrameworks/GPUWrangler.framework/Versions/A/GPUWrangler
0x00000001ab487000 	/System/Library/PrivateFrameworks/IOPresentment.framework/Versions/A/IOPresentment
0x00000001ab4af000 	/System/Library/PrivateFrameworks/DSExternalDisplay.framework/Versions/A/DSExternalDisplay
0x000000024eb18000 	/System/Library/PrivateFrameworks/AppleMobileFileIntegrity.framework/Versions/A/AppleMobileFileIntegrity
0x00000002970ea000 	/usr/lib/libTLE.dylib
0x00000001fc374000 	/System/Library/PrivateFrameworks/ConfigProfileHelper.framework/Versions/A/ConfigProfileHelper
0x00000001f1181000 	/usr/lib/libedit.3.dylib
0x000000026c157000 	/System/Library/PrivateFrameworks/MIL.framework/Versions/A/MIL
0x00000001cac2f000 	/usr/lib/libncurses.5.4.dylib
0x00000001a7b0d000 	/System/Library/PrivateFrameworks/CoreEmoji.framework/Versions/A/CoreEmoji
0x000000019a6c0000 	/usr/lib/libCRFSuite.dylib
0x00000001a68c2000 	/System/Library/PrivateFrameworks/CoreNLP.framework/Versions/A/CoreNLP
0x00000001a7e85000 	/usr/lib/libmecab.dylib
0x00000001a8d92000 	/usr/lib/libThaiTokenizer.dylib
0x00000001eb539000 	/System/Library/PrivateFrameworks/HIDDisplay.framework/Versions/A/HIDDisplay
0x00000001ab4e1000 	/System/Library/Frameworks/ApplicationServices.framework/Versions/A/Frameworks/ATSUI.framework/Versions/A/ATSUI
0x00000001ad1c6000 	/usr/lib/libcups.2.dylib
0x00000001ad25c000 	/System/Library/Frameworks/Kerberos.framework/Versions/A/Kerberos
0x00000001acebd000 	/usr/lib/libresolv.9.dylib
0x00000001aa87e000 	/System/Library/PrivateFrameworks/Heimdal.framework/Versions/A/Heimdal
0x00000001b5bf4000 	/System/Library/Frameworks/Kerberos.framework/Versions/A/Libraries/libHeimdalProxy.dylib
0x00000001ad2c0000 	/System/Library/PrivateFrameworks/CommonAuth.framework/Versions/A/CommonAuth
0x00000001be90f000 	/System/Library/PrivateFrameworks/AXCoreUtilities.framework/Versions/A/AXCoreUtilities
0x0000000296b03000 	/usr/lib/libAXSafeCategoryBundle.dylib
0x00000001a79d3000 	/System/Library/Frameworks/Accelerate.framework/Versions/A/Frameworks/vecLib.framework/Versions/A/libvDSP.dylib
0x00000001a8edf000 	/System/Library/Frameworks/Accelerate.framework/Versions/A/Frameworks/vecLib.framework/Versions/A/libLAPACK.dylib
0x00000001a7ee9000 	/System/Library/Frameworks/Accelerate.framework/Versions/A/Frameworks/vecLib.framework/Versions/A/libLinearAlgebra.dylib
0x00000001a8dd8000 	/System/Library/Frameworks/Accelerate.framework/Versions/A/Frameworks/vecLib.framework/Versions/A/libSparseBLAS.dylib
0x00000001a8eda000 	/System/Library/Frameworks/Accelerate.framework/Versions/A/Frameworks/vecLib.framework/Versions/A/libQuadrature.dylib
0x00000001a69eb000 	/System/Library/Frameworks/Accelerate.framework/Versions/A/Frameworks/vecLib.framework/Versions/A/libBNNS.dylib
0x000000019a4b9000 	/System/Library/Frameworks/Accelerate.framework/Versions/A/Frameworks/vecLib.framework/Versions/A/libSparse.dylib
0x00000001ad225000 	/System/Library/PrivateFrameworks/NetAuth.framework/Versions/A/NetAuth
0x00000001a3831000 	/System/Library/PrivateFrameworks/login.framework/Versions/A/Frameworks/loginsupport.framework/Versions/A/loginsupport
0x00000001a7e4f000 	/usr/lib/libCheckFix.dylib
0x00000001a29ab000 	/System/Library/PrivateFrameworks/MetadataUtilities.framework/Versions/A/MetadataUtilities
0x000000026794f000 	/System/Library/PrivateFrameworks/InstalledContentLibrary.framework/Versions/A/InstalledContentLibrary
0x000000019d43a000 	/System/Library/PrivateFrameworks/CoreServicesStore.framework/Versions/A/CoreServicesStore
0x00000001d8f79000 	/System/Library/PrivateFrameworks/MobileSystemServices.framework/Versions/A/MobileSystemServices
0x00000001aa247000 	/usr/lib/libxslt.1.dylib
0x00000001a7e0e000 	/System/Library/PrivateFrameworks/BackgroundTaskManagement.framework/Versions/A/BackgroundTaskManagement
0x00000001b529e000 	/usr/lib/libcurl.4.dylib
0x0000000297323000 	/usr/lib/libcrypto.46.dylib
0x0000000297f40000 	/usr/lib/libssl.48.dylib
0x00000001b4f74000 	/System/Library/Frameworks/LDAP.framework/Versions/A/LDAP
0x00000001b4fb0000 	/System/Library/PrivateFrameworks/TrustEvaluationAgent.framework/Versions/A/TrustEvaluationAgent
0x00000001aceda000 	/usr/lib/libsasl2.2.dylib
0x00000001c29af000 	/usr/lib/swift/libswiftCoreGraphics.dylib
0x00000001b1a64000 	/usr/lib/swift/libswiftFoundation.dylib
0x00000001fbd30000 	/usr/lib/swift/libswiftSwiftOnoneSupport.dylib
0x000000029861f000 	/usr/lib/swift/libswiftsys_time.dylib
0x00000001e72fd000 	/System/Library/PrivateFrameworks/CoreMaterial.framework/Versions/A/CoreMaterial
0x0000000298365000 	/usr/lib/swift/libswiftSpatial.dylib
0x00000002970e7000 	/usr/lib/libSpatial.dylib
0x0000000296a21000 	/System/Library/SubFrameworks/UIUtilities.framework/Versions/A/UIUtilities
0x000000010b160000 	/Library/Java/JavaVirtualMachines/temurin-21.jdk/Contents/Home/lib/server/libjvm.dylib
0x0000000100c80000 	/Library/Java/JavaVirtualMachines/temurin-21.jdk/Contents/Home/lib/libjimage.dylib
0x0000000100d04000 	/Library/Java/JavaVirtualMachines/temurin-21.jdk/Contents/Home/lib/libjava.dylib
0x0000000100f2c000 	/Library/Java/JavaVirtualMachines/temurin-21.jdk/Contents/Home/lib/libnio.dylib
0x00000001013b8000 	/Library/Java/JavaVirtualMachines/temurin-21.jdk/Contents/Home/lib/libnet.dylib
0x0000000105cb0000 	/Library/Java/JavaVirtualMachines/temurin-21.jdk/Contents/Home/lib/libzip.dylib
0x00000001013d4000 	/Users/giacomo/.openjfx/cache/21+31/aarch64/libprism_es2.dylib
0x00000001c44d4000 	/System/Library/Frameworks/Carbon.framework/Versions/A/Carbon
0x00000001ba80b000 	/System/Library/Frameworks/Carbon.framework/Versions/A/Frameworks/CommonPanels.framework/Versions/A/CommonPanels
0x00000001b5289000 	/System/Library/Frameworks/Carbon.framework/Versions/A/Frameworks/Help.framework/Versions/A/Help
0x00000001ba80f000 	/System/Library/Frameworks/Carbon.framework/Versions/A/Frameworks/ImageCapture.framework/Versions/A/ImageCapture
0x00000001ba7ea000 	/System/Library/Frameworks/Carbon.framework/Versions/A/Frameworks/OpenScripting.framework/Versions/A/OpenScripting
0x00000001ba80a000 	/System/Library/Frameworks/Carbon.framework/Versions/A/Frameworks/Ink.framework/Versions/A/Ink
0x00000001ba807000 	/System/Library/Frameworks/Carbon.framework/Versions/A/Frameworks/SecurityHI.framework/Versions/A/SecurityHI
0x0000000296f45000 	/usr/lib/libInterpreterSecurity.dylib
0x00000001dabaf000 	/System/Library/PrivateFrameworks/XprotectFramework.framework/Versions/A/XprotectFramework
0x00000001bdd58000 	/System/Library/PrivateFrameworks/yara.framework/Versions/A/yara
0x0000000296ec1000 	/usr/lib/libEndpointSecuritySystem.dylib
0x000000023d48e000 	/System/Library/Frameworks/OpenGL.framework/Versions/A/Resources/GLEngine.bundle/GLEngine
0x000000023d330000 	/System/Library/Frameworks/OpenGL.framework/Versions/A/Libraries/libGLProgrammability.dylib
0x0000000105eb8000 	/System/Library/Extensions/AppleMetalOpenGLRenderer.bundle/Contents/MacOS/AppleMetalOpenGLRenderer
0x000000023d5ef000 	/System/Library/Frameworks/OpenGL.framework/Versions/A/Resources/GLRendererFloat.bundle/GLRendererFloat
0x000000010a400000 	/System/Library/Extensions/AGXMetalG14G.bundle/Contents/MacOS/AGXMetalG14G
0x00000001bda56000 	/System/Library/PrivateFrameworks/IOGPU.framework/Versions/A/IOGPU
0x0000000105f50000 	/Users/giacomo/.openjfx/cache/21+31/aarch64/libglass.dylib
0x000000023dad8000 	/System/Library/Frameworks/AppIntents.framework/Versions/A/AppIntents
0x0000000246fc3000 	/System/Library/Frameworks/RelevanceKit.framework/Versions/A/RelevanceKit
0x00000001a89d7000 	/System/Library/Frameworks/CoreSpotlight.framework/Versions/A/CoreSpotlight
0x000000026bc6a000 	/System/Library/PrivateFrameworks/LinkServices.framework/Versions/A/LinkServices
0x000000025942e000 	/System/Library/PrivateFrameworks/DoNotDisturb.framework/Versions/A/DoNotDisturb
0x000000026bac5000 	/System/Library/PrivateFrameworks/LinkMetadata.framework/Versions/A/LinkMetadata
0x00000001c5b0d000 	/usr/lib/swift/libswiftIntents.dylib
0x00000001cad89000 	/System/Library/PrivateFrameworks/IntentsCore.framework/Versions/A/IntentsCore
0x000000024f5ad000 	/System/Library/PrivateFrameworks/AvailabilityKit.framework/Versions/A/AvailabilityKit
0x000000024c8ef000 	/System/Library/PrivateFrameworks/AppIntentSchemas.framework/Versions/A/AppIntentSchemas
0x0000000260d7d000 	/System/Library/PrivateFrameworks/GRDBInternal.framework/Versions/A/GRDBInternal
0x0000000284b8c000 	/System/Library/PrivateFrameworks/StatusKit.framework/Versions/A/StatusKit
0x00000001b25fd000 	/System/Library/PrivateFrameworks/GenerationalStorage.framework/Versions/A/GenerationalStorage
0x00000001b2425000 	/System/Library/Frameworks/FileProvider.framework/Versions/A/FileProvider
0x000000019eed1000 	/System/Library/PrivateFrameworks/DesktopServicesPriv.framework/Versions/A/DesktopServicesPriv
0x00000001a1215000 	/System/Library/Frameworks/Accounts.framework/Versions/A/Accounts
0x00000001c5579000 	/System/Library/PrivateFrameworks/FTServices.framework/Versions/A/FTServices
0x00000001bda01000 	/System/Library/PrivateFrameworks/CloudServices.framework/Versions/A/CloudServices
0x00000001b4abe000 	/System/Library/PrivateFrameworks/CoreWiFi.framework/Versions/A/CoreWiFi
0x00000001a51d7000 	/System/Library/Frameworks/CoreLocation.framework/Versions/A/CoreLocation
0x00000001b4454000 	/System/Library/Frameworks/Intents.framework/Versions/A/Intents
0x000000024978b000 	/System/Library/Frameworks/_LocationEssentials.framework/Versions/A/_LocationEssentials
0x00000001a8986000 	/System/Library/Frameworks/UserNotifications.framework/Versions/A/UserNotifications
0x00000001a8616000 	/System/Library/PrivateFrameworks/AuthKit.framework/Versions/A/AuthKit
0x00000001ae70a000 	/System/Library/PrivateFrameworks/Sharing.framework/Versions/A/Sharing
0x00000001ae289000 	/System/Library/PrivateFrameworks/IDSFoundation.framework/Versions/A/IDSFoundation
0x00000001b4abd000 	/System/Library/PrivateFrameworks/Apple80211.framework/Versions/A/Apple80211
0x00000001a7b55000 	/System/Library/Frameworks/CoreWLAN.framework/Versions/A/CoreWLAN
0x00000001cc273000 	/usr/lib/swift/libswiftCoreLocation.dylib
0x00000001acacb000 	/System/Library/PrivateFrameworks/IMFoundation.framework/Versions/A/IMFoundation
0x00000001bdd57000 	/System/Library/PrivateFrameworks/Marco.framework/Versions/A/Marco
0x00000001a129f000 	/System/Library/PrivateFrameworks/CommonUtilities.framework/Versions/A/CommonUtilities
0x00000001ba7d2000 	/System/Library/PrivateFrameworks/Engram.framework/Versions/A/Engram
0x00000002982c4000 	/usr/lib/swift/libswiftRegexBuilder.dylib
0x00000001ba770000 	/usr/lib/libtidy.A.dylib
0x00000001aab87000 	/System/Library/PrivateFrameworks/Bom.framework/Versions/A/Bom
0x00000001acefb000 	/usr/lib/libParallelCompression.dylib
0x00000001f3296000 	/System/Library/PrivateFrameworks/WiFiPeerToPeer.framework/Versions/A/WiFiPeerToPeer
0x0000000297a55000 	/usr/lib/libmrc.dylib
0x0000000266ef1000 	/System/Library/PrivateFrameworks/IPConfiguration.framework/Versions/A/IPConfiguration
0x00000001e72bf000 	/System/Library/PrivateFrameworks/Netrb.framework/Versions/A/Netrb
0x00000001aceed000 	/System/Library/PrivateFrameworks/MultiverseSupport.framework/Versions/A/MultiverseSupport
0x00000001b2300000 	/System/Library/PrivateFrameworks/DiskManagement.framework/Versions/A/DiskManagement
0x00000001b220c000 	/System/Library/PrivateFrameworks/AppleIDAuthSupport.framework/Versions/A/AppleIDAuthSupport
0x000000024a06b000 	/System/Library/PrivateFrameworks/AAAFoundation.framework/Versions/A/AAAFoundation
0x00000001ad3ff000 	/System/Library/PrivateFrameworks/KeychainCircle.framework/Versions/A/KeychainCircle
0x00000001be905000 	/System/Library/PrivateFrameworks/URLFormatting.framework/Versions/A/URLFormatting
0x00000001b5292000 	/usr/lib/libcsfde.dylib
0x00000001aa530000 	/usr/lib/libCoreStorage.dylib
0x00000001aebd6000 	/System/Library/PrivateFrameworks/ProtectedCloudStorage.framework/Versions/A/ProtectedCloudStorage
0x00000001b528d000 	/System/Library/PrivateFrameworks/EFILogin.framework/Versions/A/EFILogin
0x00000001b2624000 	/System/Library/PrivateFrameworks/OctagonTrust.framework/Versions/A/OctagonTrust
0x00000001aeea3000 	/System/Library/PrivateFrameworks/GeoServices.framework/Versions/A/GeoServices
0x00000001acb44000 	/System/Library/PrivateFrameworks/LocationSupport.framework/Versions/A/LocationSupport
0x0000000263efb000 	/System/Library/PrivateFrameworks/GeoServicesCore.framework/Versions/A/GeoServicesCore
0x00000001be903000 	/System/Library/PrivateFrameworks/PhoneNumbers.framework/Versions/A/PhoneNumbers
0x000000026c048000 	/System/Library/PrivateFrameworks/LocationLogEncryption.framework/Versions/A/LocationLogEncryption
0x00000001ae0a8000 	/System/Library/PrivateFrameworks/IDS.framework/Versions/A/IDS
0x00000001edf51000 	/System/Library/Frameworks/CryptoKit.framework/Versions/A/CryptoKit
0x00000001b5bf0000 	/System/Library/PrivateFrameworks/CryptoKitCBridging.framework/Versions/A/CryptoKitCBridging
0x00000001b320e000 	/System/Library/Frameworks/CryptoTokenKit.framework/Versions/A/CryptoTokenKit
0x00000001d419c000 	/System/Library/PrivateFrameworks/FTAWD.framework/Versions/A/FTAWD
0x000000019d577000 	/usr/lib/libsandbox.1.dylib
0x00000001aa528000 	/usr/lib/libMatch.1.dylib
0x00000001b5cb3000 	/System/Library/PrivateFrameworks/IntentsFoundation.framework/Versions/A/IntentsFoundation
0x00000001a34cf000 	/System/Library/PrivateFrameworks/ViewBridge.framework/Versions/A/ViewBridge
0x0000000249695000 	/System/Library/Frameworks/_AppIntents_AppKit.framework/Versions/A/_AppIntents_AppKit
0x00000001cc258000 	/System/Library/Frameworks/Accelerate.framework/Versions/A/Frameworks/vImage.framework/Versions/A/Libraries/libCGInterfaces.dylib
0x0000000105ea4000 	/usr/lib/libobjc-trampolines.dylib
0x0000000296b07000 	/usr/lib/libAccessibilityBaseImplementations.dylib
0x0000000290ed3000 	/System/Library/PrivateFrameworks/WritingToolsUI.framework/Versions/A/WritingToolsUI
0x00000002638dd000 	/System/Library/PrivateFrameworks/GenerativeAssistantSettings.framework/Versions/A/GenerativeAssistantSettings
0x0000000286932000 	/System/Library/PrivateFrameworks/TextComposer.framework/Versions/A/TextComposer
0x00000002638b3000 	/System/Library/PrivateFrameworks/GenerativeAssistantCommon.framework/Versions/A/GenerativeAssistantCommon
0x00000001cd30e000 	/System/Library/Frameworks/SwiftUI.framework/Versions/A/SwiftUI
0x00000002496d4000 	/System/Library/Frameworks/_AuthenticationServices_SwiftUI.framework/Versions/A/_AuthenticationServices_SwiftUI
0x000000024c624000 	/System/Library/PrivateFrameworks/Anvil.framework/Versions/A/Anvil
0x00000001cc8bb000 	/System/Library/PrivateFrameworks/AppStoreDaemon.framework/Versions/A/AppStoreDaemon
0x00000001b8264000 	/System/Library/PrivateFrameworks/AppleMediaServices.framework/Versions/A/AppleMediaServices
0x0000000263d86000 	/System/Library/PrivateFrameworks/GenerativePartnerServiceUI.framework/Versions/A/GenerativePartnerServiceUI
0x00000001fb29a000 	/System/Library/PrivateFrameworks/JetEngine.framework/Versions/A/JetEngine
0x0000000263d63000 	/System/Library/PrivateFrameworks/GenerativePartnerService.framework/Versions/A/GenerativePartnerService
0x00000001c570f000 	/System/Library/Frameworks/SafariServices.framework/Versions/A/SafariServices
0x00000001c2a8f000 	/System/Library/Frameworks/WebKit.framework/Versions/A/WebKit
0x00000001c8c58000 	/System/Library/PrivateFrameworks/AppleMediaServicesUI.framework/Versions/A/AppleMediaServicesUI
0x00000001c63f0000 	/System/Library/PrivateFrameworks/OnBoardingKit.framework/Versions/A/OnBoardingKit
0x000000027c552000 	/System/Library/PrivateFrameworks/Settings.framework/Versions/A/Settings
0x000000023f37a000 	/System/Library/Frameworks/ExtensionKit.framework/Versions/A/ExtensionKit
0x000000023f3be000 	/System/Library/Frameworks/FSKit.framework/Versions/A/FSKit
0x000000026bdf9000 	/System/Library/PrivateFrameworks/LiveFS.framework/Versions/A/LiveFS
0x000000028680f000 	/System/Library/PrivateFrameworks/TextAnimationSupport.framework/Versions/A/TextAnimationSupport
0x0000000279a3a000 	/System/Library/PrivateFrameworks/RecapPerformanceTesting.framework/Versions/A/RecapPerformanceTesting
0x00000001c63e0000 	/System/Library/PrivateFrameworks/SignpostCollection.framework/Versions/A/SignpostCollection
0x00000001b7bf5000 	/System/Library/Frameworks/WebKit.framework/Versions/A/Frameworks/WebKitLegacy.framework/Versions/A/WebKitLegacy
0x00000001b59d3000 	/System/Library/PrivateFrameworks/CorePrediction.framework/Versions/A/CorePrediction
0x00000001a45c0000 	/System/Library/Frameworks/WebKit.framework/Versions/A/Frameworks/WebCore.framework/Versions/A/Frameworks/libwebrtc.dylib
0x00000001c2a19000 	/System/Library/PrivateFrameworks/SafariSafeBrowsing.framework/Versions/A/SafariSafeBrowsing
0x00000001acf63000 	/System/Library/Frameworks/SecurityInterface.framework/Versions/A/SecurityInterface
0x00000001c63ef000 	/System/Library/PrivateFrameworks/WebInspectorUI.framework/Versions/A/WebInspectorUI
0x00000001ba812000 	/System/Library/Frameworks/JavaScriptCore.framework/Versions/A/JavaScriptCore
0x00000001bea4a000 	/System/Library/Frameworks/WebKit.framework/Versions/A/Frameworks/WebCore.framework/Versions/A/WebCore
0x000000023e54c000 	/System/Library/Frameworks/BrowserEngineCore.framework/Versions/A/BrowserEngineCore
0x0000000249252000 	/System/Library/Frameworks/WebKit.framework/Versions/A/Frameworks/WebCore.framework/Versions/A/Frameworks/libANGLE-shared.dylib
0x000000028f775000 	/System/Library/PrivateFrameworks/WebGPU.framework/Versions/A/WebGPU
0x00000001c82cb000 	/System/Library/Frameworks/SceneKit.framework/Versions/A/SceneKit
0x00000001d97d2000 	/System/Library/Frameworks/ModelIO.framework/Versions/A/ModelIO
0x00000001aeccd000 	/System/Library/Frameworks/MetalKit.framework/Versions/A/MetalKit
0x00000001b0fa1000 	/System/Library/Frameworks/GLKit.framework/Versions/A/GLKit
0x00000002988f8000 	/usr/lib/usd/libusd_ms.dylib
0x000000028abdf000 	/System/Library/PrivateFrameworks/USDLib_FormatLoaderProxy.framework/Versions/A/USDLib_FormatLoaderProxy
0x000000029861a000 	/usr/lib/swift/libswift_errno.dylib
0x00000001c555a000 	/System/Library/PrivateFrameworks/CoreOptimization.framework/Versions/A/CoreOptimization
0x000000024f465000 	/System/Library/PrivateFrameworks/AuthenticationServicesCore.framework/Versions/A/AuthenticationServicesCore
0x00000001cfcb2000 	/System/Library/Frameworks/AuthenticationServices.framework/Versions/A/AuthenticationServices
0x00000001aa4c2000 	/System/Library/PrivateFrameworks/SharedWebCredentials.framework/Versions/A/SharedWebCredentials
0x00000001c727e000 	/System/Library/PrivateFrameworks/SafariCore.framework/Versions/A/SafariCore
0x00000001cf7d6000 	/System/Library/PrivateFrameworks/SafariFoundation.framework/Versions/A/SafariFoundation
0x00000001b1d24000 	/System/Library/Frameworks/Contacts.framework/Versions/A/Contacts
0x00000002506b3000 	/System/Library/PrivateFrameworks/CBORLibrary.framework/Versions/A/CBORLibrary
0x00000002516a0000 	/System/Library/PrivateFrameworks/Chirp.framework/Versions/A/Chirp
0x000000025229d000 	/System/Library/PrivateFrameworks/CloudSubscriptionFeatures.framework/Versions/A/CloudSubscriptionFeatures
0x00000001b1a65000 	/System/Library/PrivateFrameworks/ContactsFoundation.framework/Versions/A/ContactsFoundation
0x00000001fc6a4000 	/System/Library/PrivateFrameworks/RemoteManagement.framework/Versions/A/RemoteManagement
0x0000000279dc8000 	/System/Library/PrivateFrameworks/RemoteManagementModel.framework/Versions/A/RemoteManagementModel
0x0000000279e59000 	/System/Library/PrivateFrameworks/RemoteManagementStore.framework/Versions/A/RemoteManagementStore
0x00000001aeceb000 	/usr/lib/libxcselect.dylib
0x00000001cf744000 	/System/Library/PrivateFrameworks/DifferentialPrivacy.framework/Versions/A/DifferentialPrivacy
0x000000026e8d4000 	/System/Library/PrivateFrameworks/ManagedSettingsObjC.framework/Versions/A/ManagedSettingsObjC
0x000000026c04d000 	/System/Library/PrivateFrameworks/LockdownMode.framework/Versions/A/LockdownMode
0x000000028b823000 	/System/Library/PrivateFrameworks/VDAF.framework/Versions/A/VDAF
0x00000001b1b3d000 	/System/Library/PrivateFrameworks/ContactsPersistence.framework/Versions/A/ContactsPersistence
0x00000001b0c9b000 	/System/Library/PrivateFrameworks/AppleLDAP.framework/Versions/A/AppleLDAP
0x00000001b5644000 	/System/Library/Frameworks/ClassKit.framework/Versions/A/ClassKit
0x00000001b78f3000 	/System/Library/PrivateFrameworks/CoreSuggestions.framework/Versions/A/CoreSuggestions
0x00000001b31bc000 	/System/Library/PrivateFrameworks/vCard.framework/Versions/A/vCard
0x0000000252f27000 	/System/Library/PrivateFrameworks/ContactsMetrics.framework/Versions/A/ContactsMetrics
0x00000001aa93f000 	/System/Library/PrivateFrameworks/login.framework/Versions/A/login
0x000000026e8ce000 	/System/Library/PrivateFrameworks/ManagedOrganizationContacts.framework/Versions/A/ManagedOrganizationContacts
0x00000001a3cb5000 	/System/Library/PrivateFrameworks/CloudDocs.framework/Versions/A/CloudDocs
0x00000001be2c5000 	/System/Library/PrivateFrameworks/ProactiveEventTracker.framework/Versions/A/ProactiveEventTracker
0x00000001acf9d000 	/System/Library/PrivateFrameworks/CoreFollowUp.framework/Versions/A/CoreFollowUp
0x00000001b6e11000 	/System/Library/PrivateFrameworks/ConfigurationProfiles.framework/Versions/A/ConfigurationProfiles
0x0000000258594000 	/System/Library/PrivateFrameworks/DMCUtilities.framework/Versions/A/DMCUtilities
0x000000026c0ce000 	/System/Library/PrivateFrameworks/MDMClientLibrary.framework/Versions/A/MDMClientLibrary
0x0000000279e4d000 	/System/Library/PrivateFrameworks/RemoteManagementProtocol.framework/Versions/A/RemoteManagementProtocol
0x00000001b1380000 	/System/Library/PrivateFrameworks/SystemAdministration.framework/Versions/A/SystemAdministration
0x00000001bc245000 	/System/Library/PrivateFrameworks/PowerlogControl.framework/Versions/A/PowerlogControl
0x00000001bc247000 	/usr/lib/libUniversalAccess.dylib
0x00000001b8ceb000 	/System/Library/PrivateFrameworks/FamilyControls.framework/Versions/A/FamilyControls
0x00000001b0c70000 	/System/Library/Frameworks/DirectoryService.framework/Versions/A/DirectoryService
0x00000001b5320000 	/System/Library/PrivateFrameworks/LoginUIKit.framework/Versions/A/Frameworks/LoginUICore.framework/Versions/A/LoginUICore
0x00000001aab85000 	/usr/lib/libodfde.dylib
0x00000001b8ce5000 	/System/Library/PrivateFrameworks/UniversalAccess.framework/Versions/A/Libraries/libUAPreferences.dylib
0x00000001b8d0f000 	/System/Library/PrivateFrameworks/CommerceKit.framework/Versions/A/Frameworks/CommerceCore.framework/Versions/A/CommerceCore
0x0000000258500000 	/System/Library/PrivateFrameworks/DEPClientLibrary.framework/Versions/A/DEPClientLibrary
0x0000000258529000 	/System/Library/PrivateFrameworks/DMCEnrollmentLibrary.framework/Versions/A/DMCEnrollmentLibrary
0x00000001bc32e000 	/System/Library/PrivateFrameworks/SetupAssistantFramework.framework/Versions/A/SetupAssistantFramework
0x00000001b5a2b000 	/System/Library/PrivateFrameworks/AuthKitUI.framework/Versions/A/AuthKitUI
0x00000001b536a000 	/System/Library/PrivateFrameworks/AppSSO.framework/Versions/A/AppSSO
0x00000001cc617000 	/System/Library/PrivateFrameworks/LocalAuthenticationUI.framework/Versions/A/LocalAuthenticationUI
0x0000000277ab1000 	/System/Library/PrivateFrameworks/PlatformSSO.framework/Versions/A/PlatformSSO
0x0000000277b9f000 	/System/Library/PrivateFrameworks/PlatformSSOCore.framework/Versions/A/PlatformSSOCore
0x0000000240632000 	/System/Library/Frameworks/LocalAuthenticationEmbeddedUI.framework/Versions/A/LocalAuthenticationEmbeddedUI
0x00000001cd0d3000 	/System/Library/PrivateFrameworks/AOSUI.framework/Versions/A/AOSUI
0x00000001be08d000 	/System/Library/Frameworks/ContactsUI.framework/Versions/A/ContactsUI
0x00000001b1fb5000 	/System/Library/PrivateFrameworks/FamilyCircle.framework/Versions/A/FamilyCircle
0x00000001daf99000 	/System/Library/Frameworks/LinkPresentation.framework/Versions/A/LinkPresentation
0x00000001bdc3e000 	/System/Library/PrivateFrameworks/IASUtilities.framework/Versions/A/IASUtilities
0x0000000266dba000 	/System/Library/PrivateFrameworks/IASUtilitiesCore.framework/Versions/A/IASUtilitiesCore
0x0000000279ec3000 	/System/Library/PrivateFrameworks/RemoteUI.framework/Versions/A/RemoteUI
0x000000026b45c000 	/System/Library/PrivateFrameworks/LiftUI.framework/Versions/A/LiftUI
0x00000002914e1000 	/System/Library/PrivateFrameworks/_IconServices_SwiftUI.framework/Versions/A/_IconServices_SwiftUI
0x00000002521dc000 	/System/Library/PrivateFrameworks/CloudSettings.framework/Versions/A/CloudSettings
0x00000001b79c4000 	/System/Library/Frameworks/EventKit.framework/Versions/A/EventKit
0x00000001c6604000 	/System/Library/PrivateFrameworks/SearchFoundation.framework/Versions/A/SearchFoundation
0x00000001dd064000 	/System/Library/PrivateFrameworks/Email.framework/Versions/A/Email
0x00000001c515c000 	/System/Library/PrivateFrameworks/CoreRoutine.framework/Versions/A/CoreRoutine
0x00000001fc011000 	/System/Library/PrivateFrameworks/VoiceShortcutClient.framework/Versions/A/VoiceShortcutClient
0x00000001d4d37000 	/System/Library/PrivateFrameworks/Categories.framework/Versions/A/Categories
0x00000001ccf82000 	/System/Library/PrivateFrameworks/ChronoServices.framework/Versions/A/ChronoServices
0x000000025115c000 	/System/Library/PrivateFrameworks/CalendarDatabase.framework/Versions/A/CalendarDatabase
0x00000002510a5000 	/System/Library/PrivateFrameworks/CalendarDaemon.framework/Versions/A/CalendarDaemon
0x00000001b6d34000 	/System/Library/PrivateFrameworks/CalendarFoundation.framework/Versions/A/CalendarFoundation
0x00000001b6cf0000 	/System/Library/PrivateFrameworks/iCalendar.framework/Versions/A/iCalendar
0x0000000258793000 	/System/Library/PrivateFrameworks/DataAccessExpress.framework/Versions/A/DataAccessExpress
0x00000001be1ef000 	/System/Library/PrivateFrameworks/ContactsAutocomplete.framework/Versions/A/ContactsAutocomplete
0x0000000298404000 	/usr/lib/swift/libswiftVideoToolbox.dylib
0x00000001ccecf000 	/System/Library/PrivateFrameworks/FTClientServices.framework/Versions/A/FTClientServices
0x0000000273ef8000 	/System/Library/PrivateFrameworks/OSEligibility.framework/Versions/A/OSEligibility
0x0000000285167000 	/System/Library/PrivateFrameworks/StorageContainersPrivate.framework/Versions/A/StorageContainersPrivate
0x0000000298275000 	/usr/lib/swift/libswiftCoreMediaIO.dylib
0x00000001bdac8000 	/System/Library/PrivateFrameworks/CoreDAV.framework/Versions/A/CoreDAV
0x00000001b7894000 	/System/Library/PrivateFrameworks/CalDAV.framework/Versions/A/CalDAV
0x00000001c2715000 	/System/Library/PrivateFrameworks/TelephonyUtilities.framework/Versions/A/TelephonyUtilities
0x00000002405ef000 	/System/Library/Frameworks/LiveCommunicationKit.framework/Versions/A/LiveCommunicationKit
0x0000000252ad9000 	/System/Library/PrivateFrameworks/CommunicationTrust.framework/Versions/A/CommunicationTrust
0x00000001c7090000 	/System/Library/Frameworks/CallKit.framework/Versions/A/CallKit
0x00000001b1fad000 	/System/Library/PrivateFrameworks/CommunicationsFilter.framework/Versions/A/CommunicationsFilter
0x00000001f12bc000 	/System/Library/PrivateFrameworks/IMTransferServices.framework/Versions/A/IMTransferServices
0x00000001c5573000 	/System/Library/PrivateFrameworks/IncomingCallFilter.framework/Versions/A/IncomingCallFilter
0x0000000272647000 	/System/Library/PrivateFrameworks/NeighborhoodActivityConduit.framework/Versions/A/NeighborhoodActivityConduit
0x00000001c95d8000 	/System/Library/PrivateFrameworks/CallHistory.framework/Versions/A/CallHistory
0x0000000296d34000 	/usr/lib/libBASupport.dylib
0x0000000251575000 	/System/Library/PrivateFrameworks/CallsUtilities.framework/Versions/A/CallsUtilities
0x0000000251580000 	/System/Library/PrivateFrameworks/CallsXPC.framework/Versions/A/CallsXPC
0x00000001fc805000 	/usr/lib/swift/libswiftCallKit.dylib
0x0000000251568000 	/System/Library/PrivateFrameworks/CallsPersistence.framework/Versions/A/CallsPersistence
0x000000024729a000 	/System/Library/Frameworks/SensitiveContentAnalysis.framework/Versions/A/SensitiveContentAnalysis
0x00000001ca615000 	/System/Library/PrivateFrameworks/PeopleSuggester.framework/Versions/A/PeopleSuggester
0x00000001d3af4000 	/System/Library/PrivateFrameworks/SpotlightReceiver.framework/Versions/A/SpotlightReceiver
0x00000002914a7000 	/System/Library/PrivateFrameworks/_AppIntentsServices_AppIntents.framework/Versions/A/_AppIntentsServices_AppIntents
0x000000024c958000 	/System/Library/PrivateFrameworks/AppIntentsServices.framework/Versions/A/AppIntentsServices
0x00000001b6cd8000 	/System/Library/PrivateFrameworks/CoreRecents.framework/Versions/A/CoreRecents
0x000000023fac4000 	/System/Library/Frameworks/GeoToolbox.framework/Versions/A/GeoToolbox
0x0000000249757000 	/System/Library/Frameworks/_GeoToolbox_AppIntents.framework/Versions/A/_GeoToolbox_AppIntents
0x00000001e6cf2000 	/System/Library/PrivateFrameworks/DiagnosticRequest.framework/Versions/A/DiagnosticRequest
0x00000002913eb000 	/System/Library/PrivateFrameworks/XPCDistributed.framework/Versions/A/XPCDistributed
0x0000000279ad0000 	/System/Library/PrivateFrameworks/RegulatoryDomain.framework/Versions/A/RegulatoryDomain
0x00000001b1079000 	/usr/lib/libCTGreenTeaLogger.dylib
0x000000026c01f000 	/System/Library/PrivateFrameworks/LocalStatusKit.framework/Versions/A/LocalStatusKit
0x00000001c2601000 	/System/Library/PrivateFrameworks/CoreParsec.framework/Versions/A/CoreParsec
0x00000001dd058000 	/System/Library/PrivateFrameworks/EmailAddressing.framework/Versions/A/EmailAddressing
0x00000001d9041000 	/System/Library/PrivateFrameworks/EmailCore.framework/Versions/A/EmailCore
0x00000001da06f000 	/System/Library/PrivateFrameworks/EmailFoundation.framework/Versions/A/EmailFoundation
0x0000000275639000 	/System/Library/PrivateFrameworks/PegasusAPI.framework/Versions/A/PegasusAPI
0x000000027618a000 	/System/Library/PrivateFrameworks/PegasusConfiguration.framework/Versions/A/PegasusConfiguration
0x0000000289448000 	/System/Library/PrivateFrameworks/ToolKit.framework/Versions/A/ToolKit
0x000000027a258000 	/System/Library/PrivateFrameworks/ReplicatorEngine.framework/Versions/A/ReplicatorEngine
0x000000027a3fa000 	/System/Library/PrivateFrameworks/ReplicatorServices.framework/Versions/A/ReplicatorServices
0x0000000286103000 	/System/Library/PrivateFrameworks/SystemWake.framework/Versions/A/SystemWake
0x00000001c7264000 	/System/Library/PrivateFrameworks/ContextKit.framework/Versions/A/ContextKit
0x0000000253074000 	/System/Library/PrivateFrameworks/ContextKitCore.framework/Versions/A/ContextKitCore
0x00000001c57f9000 	/System/Library/Frameworks/LocalAuthentication.framework/Support/DaemonUtils.framework/Versions/A/DaemonUtils
0x000000026bfb4000 	/System/Library/PrivateFrameworks/LocalAuthenticationCoreUI.framework/Versions/A/LocalAuthenticationCoreUI
0x00000001c8c1f000 	/System/Library/PrivateFrameworks/BridgeXPC.framework/Versions/A/BridgeXPC
0x00000001c64cc000 	/System/Library/PrivateFrameworks/CoreKDL.framework/Versions/A/CoreKDL
0x00000001c4afc000 	/System/Library/PrivateFrameworks/EmbeddedOSSupportHost.framework/Versions/A/EmbeddedOSSupportHost
0x00000001b97ea000 	/System/Library/PrivateFrameworks/LoginUIKit.framework/Versions/A/LoginUIKit
0x00000001d5234000 	/System/Library/PrivateFrameworks/StorageKit.framework/Versions/A/StorageKit
0x00000001fe01a000 	/System/Library/Frameworks/DeviceCheck.framework/Versions/A/DeviceCheck
0x00000001d52ae000 	/System/Library/PrivateFrameworks/CoreWLANKit.framework/Versions/A/CoreWLANKit
0x000000028eafd000 	/System/Library/PrivateFrameworks/Wallpaper.framework/Versions/A/Wallpaper
0x0000000298290000 	/usr/lib/swift/libswiftGLKit.dylib
0x000000029829b000 	/usr/lib/swift/libswiftMetalKit.dylib
0x000000029829f000 	/usr/lib/swift/libswiftModelIO.dylib
0x0000000298362000 	/usr/lib/swift/libswiftSceneKit.dylib
0x00000002590fe000 	/System/Library/PrivateFrameworks/DiskImages2.framework/Versions/A/DiskImages2
0x00000001ddf9a000 	/System/Library/PrivateFrameworks/DynamicDesktop.framework/Versions/A/DynamicDesktop
0x000000028ec8c000 	/System/Library/PrivateFrameworks/WallpaperFoundation.framework/Versions/A/WallpaperFoundation
0x000000028ecea000 	/System/Library/PrivateFrameworks/WallpaperTypes.framework/Versions/A/WallpaperTypes
0x00000001f3019000 	/System/Library/PrivateFrameworks/SystemDesktopAppearance.framework/Versions/A/SystemDesktopAppearance
0x000000029459b000 	/System/Library/PrivateFrameworks/icloudMCCKit.framework/Versions/A/icloudMCCKit
0x000000024d8b2000 	/System/Library/PrivateFrameworks/AppleAccountUI.framework/Versions/A/AppleAccountUI
0x00000001e72c9000 	/System/Library/PrivateFrameworks/PreferencePanesSupport.framework/Versions/A/PreferencePanesSupport
0x00000001cd285000 	/System/Library/PrivateFrameworks/FindMyDeviceUI.framework/Versions/A/FindMyDeviceUI
0x00000002921e1000 	/System/Library/PrivateFrameworks/iCloudQuotaUI.framework/Versions/A/iCloudQuotaUI
0x00000001e747d000 	/System/Library/PrivateFrameworks/CoreCDPUI.framework/Versions/A/CoreCDPUI
0x00000001c6fbf000 	/System/Library/PrivateFrameworks/CoreFollowUpUI.framework/Versions/A/CoreFollowUpUI
0x00000001d3d72000 	/System/Library/PrivateFrameworks/IMCore.framework/Versions/A/IMCore
0x00000001bc2ae000 	/System/Library/PrivateFrameworks/CoreCDP.framework/Versions/A/CoreCDP
0x00000001b824f000 	/System/Library/PrivateFrameworks/AskPermission.framework/Versions/A/AskPermission
0x00000001cacfa000 	/System/Library/Frameworks/Quartz.framework/Versions/A/Quartz
0x00000001d7813000 	/System/Library/PrivateFrameworks/CloudPhotoServicesConfiguration.framework/Versions/A/CloudPhotoServicesConfiguration
0x00000001c93fd000 	/System/Library/PrivateFrameworks/CommerceKit.framework/Versions/A/CommerceKit
0x00000001d9111000 	/System/Library/PrivateFrameworks/FindMyMac.framework/Versions/A/FindMyMac
0x00000001d8fe4000 	/System/Library/Frameworks/PreferencePanes.framework/Versions/A/PreferencePanes
0x00000001cc702000 	/System/Library/Frameworks/AddressBook.framework/Versions/A/AddressBook
0x00000001b7132000 	/System/Library/PrivateFrameworks/AOSAccounts.framework/Versions/A/AOSAccounts
0x00000001b137a000 	/System/Library/PrivateFrameworks/AppleSRP.framework/Versions/A/AppleSRP
0x00000001b5c04000 	/System/Library/PrivateFrameworks/NetFSServer.framework/Versions/A/NetFSServer
0x00000001c81a5000 	/System/Library/Frameworks/PDFKit.framework/Versions/A/PDFKit
0x000000024884a000 	/System/Library/Frameworks/TabularData.framework/Versions/A/TabularData
0x00000002982b6000 	/usr/lib/swift/libswiftPassKit.dylib
0x00000001eb475000 	/System/Library/Frameworks/PassKit.framework/Versions/A/PassKit
0x00000001b98f4000 	/System/Library/PrivateFrameworks/PassKitCore.framework/Versions/A/PassKitCore
0x0000000274f5b000 	/System/Library/PrivateFrameworks/PassKitMacHelperTemp.framework/Versions/A/PassKitMacHelperTemp
0x0000000296c84000 	/usr/lib/libAppleSSE.dylib
0x00000001c5845000 	/System/Library/PrivateFrameworks/BiometricKit.framework/Versions/A/BiometricKit
0x000000027a9fe000 	/System/Library/PrivateFrameworks/SEService.framework/Versions/A/SEService
0x000000023f483000 	/System/Library/Frameworks/FinanceKit.framework/Versions/A/FinanceKit
0x00000001cada9000 	/System/Library/PrivateFrameworks/NearField.framework/Versions/A/NearField
0x0000000297084000 	/usr/lib/libSESShared.dylib
0x000000027ac66000 	/System/Library/PrivateFrameworks/STSXPCHelperClient.framework/Versions/A/STSXPCHelperClient
0x00000001ccb0e000 	/usr/lib/libnfshared.dylib
0x0000000285e8b000 	/System/Library/PrivateFrameworks/Symptoms.framework/Versions/A/Frameworks/SymptomPresentationFeed.framework/Versions/A/SymptomPresentationFeed
0x000000024e2c8000 	/System/Library/PrivateFrameworks/AppleMediaServicesKitInternal.framework/Versions/A/AppleMediaServicesKitInternal
0x000000024ef6b000 	/System/Library/PrivateFrameworks/AsyncAlgorithmsInternal.framework/Versions/A/AsyncAlgorithmsInternal
0x0000000285bcd000 	/System/Library/PrivateFrameworks/SymptomShared.framework/Versions/A/SymptomShared
0x00000001ee1be000 	/System/Library/PrivateFrameworks/PassKitUIFoundation.framework/Versions/A/PassKitUIFoundation
0x00000001b0cad000 	/System/Library/Frameworks/MapKit.framework/Versions/A/MapKit
0x0000000263e31000 	/System/Library/PrivateFrameworks/GeoAnalytics.framework/Versions/A/GeoAnalytics
0x00000001ccb3c000 	/System/Library/PrivateFrameworks/Navigation.framework/Versions/A/Navigation
0x00000001d685b000 	/System/Library/PrivateFrameworks/VectorKit.framework/Versions/A/VectorKit
0x00000001bdd09000 	/System/Library/PrivateFrameworks/VirtualGarage.framework/Versions/A/VirtualGarage
0x00000001ccd1b000 	/System/Library/Frameworks/ExternalAccessory.framework/ExternalAccessory
0x00000001ccd36000 	/System/Library/PrivateFrameworks/IAP.framework/Versions/A/IAP
0x00000001b0f69000 	/System/Library/PrivateFrameworks/IOPlatformPluginFamily.framework/Versions/A/IOPlatformPluginFamily
0x000000024f5b0000 	/System/Library/PrivateFrameworks/AvatarKit.framework/Versions/A/AvatarKit
0x000000024f66f000 	/System/Library/PrivateFrameworks/AvatarPersistence.framework/Versions/A/AvatarPersistence
0x0000000248bd1000 	/System/Library/Frameworks/TipKit.framework/Versions/A/TipKit
0x00000001b93dc000 	/System/Library/PrivateFrameworks/IMSharedUtilities.framework/Versions/A/IMSharedUtilities
0x0000000298255000 	/usr/lib/swift/libswiftAppleArchive.dylib
0x000000028b923000 	/System/Library/PrivateFrameworks/VFX.framework/Versions/A/VFX
0x00000001e902b000 	/System/Library/PrivateFrameworks/AppleCVA.framework/Versions/A/AppleCVA
0x000000024f66e000 	/System/Library/PrivateFrameworks/AvatarKitContent.framework/Versions/A/AvatarKitContent
0x000000024139b000 	/System/Library/Frameworks/MetalFX.framework/Versions/A/MetalFX
0x0000000252bef000 	/System/Library/PrivateFrameworks/CompositorNonUI.framework/Versions/A/CompositorNonUI
0x000000023d807000 	/System/Library/Frameworks/ARKit.framework/Versions/A/ARKit
0x000000024b2c2000 	/System/Library/PrivateFrameworks/ARKitCore.framework/Versions/A/ARKitCore
0x0000000296d7e000 	/usr/lib/libDisplayWarpSupport.dylib
0x000000025434a000 	/System/Library/PrivateFrameworks/CoreComposite.framework/Versions/A/CoreComposite
0x00000002971b8000 	/usr/lib/libchannel.dylib
0x0000000297eb2000 	/usr/lib/librealtime_safety.dylib
0x000000024b34f000 	/System/Library/PrivateFrameworks/ARKitFoundation.framework/Versions/A/ARKitFoundation
0x000000024d950000 	/System/Library/PrivateFrameworks/AppleDepth.framework/Versions/A/AppleDepth
0x000000024dac6000 	/System/Library/PrivateFrameworks/AppleDepthCore.framework/Versions/A/AppleDepthCore
0x00000001b10a2000 	/System/Library/PrivateFrameworks/CoreAppleCVA.framework/Versions/A/CoreAppleCVA
0x00000001bde37000 	/System/Library/PrivateFrameworks/ContactsUICore.framework/Versions/A/ContactsUICore
0x00000001c567b000 	/System/Library/PrivateFrameworks/ContactsDonation.framework/Versions/A/ContactsDonation
0x00000001c4f32000 	/System/Library/PrivateFrameworks/DataDetectors.framework/Versions/A/DataDetectors
0x00000001b7880000 	/System/Library/Frameworks/MediaLibrary.framework/Versions/A/MediaLibrary
0x00000001b1f9c000 	/System/Library/PrivateFrameworks/PersonaKit.framework/Versions/A/PersonaKit
0x00000001bde25000 	/System/Library/PrivateFrameworks/PersonaUI.framework/Versions/A/PersonaUI
0x00000001d8a06000 	/System/Library/PrivateFrameworks/Transparency.framework/Versions/A/Transparency
0x000000025ab61000 	/System/Library/PrivateFrameworks/FindMyLocate.framework/Versions/A/FindMyLocate
0x00000001c6f3e000 	/System/Library/PrivateFrameworks/IntlPreferences.framework/Versions/A/IntlPreferences
0x000000025aa3a000 	/System/Library/PrivateFrameworks/FindMyCommon.framework/Versions/A/FindMyCommon
0x000000025a829000 	/System/Library/PrivateFrameworks/FindMyBase.framework/Versions/A/FindMyBase
0x0000000245f1a000 	/System/Library/Frameworks/NearbyInteraction.framework/Versions/A/NearbyInteraction
0x00000001b1bbb000 	/System/Library/PrivateFrameworks/AddressBookCore.framework/Versions/A/AddressBookCore
0x00000001cc899000 	/System/Library/PrivateFrameworks/ToneKit.framework/Versions/A/ToneKit
0x00000001c6f85000 	/System/Library/PrivateFrameworks/ToneLibrary.framework/Versions/A/ToneLibrary
0x0000000252ef4000 	/System/Library/PrivateFrameworks/ContactsAccounts.framework/Versions/A/ContactsAccounts
0x00000001cac15000 	/System/Library/PrivateFrameworks/Lookup.framework/Versions/A/Lookup
0x00000002467ff000 	/System/Library/Frameworks/QuickLookUI.framework/Versions/A/QuickLookUI
0x0000000247214000 	/System/Library/Frameworks/ScreenCaptureKit.framework/Versions/A/ScreenCaptureKit
0x00000001c7cb9000 	/System/Library/Frameworks/Quartz.framework/Versions/A/Frameworks/QuartzComposer.framework/Versions/A/QuartzComposer
0x00000001c6f15000 	/System/Library/Frameworks/Quartz.framework/Versions/A/Frameworks/QuartzFilters.framework/Versions/A/QuartzFilters
0x00000001c5fc1000 	/System/Library/Frameworks/Quartz.framework/Versions/A/Frameworks/ImageKit.framework/Versions/A/ImageKit
0x000000023d614000 	/System/Library/Frameworks/OpenCL.framework/Versions/A/OpenCL
0x00000001c44d3000 	/System/Library/PrivateFrameworks/CorePDF.framework/Versions/A/CorePDF
0x00000001aec64000 	/System/Library/Frameworks/QuickLook.framework/Versions/A/QuickLook
0x00000001b97e5000 	/System/Library/PrivateFrameworks/DisplayServices.framework/Versions/A/DisplayServices
0x00000001c6e9a000 	/System/Library/Frameworks/ImageCaptureCore.framework/Versions/A/ImageCaptureCore
0x000000028d932000 	/System/Library/PrivateFrameworks/VisionKitCore.framework/Versions/A/VisionKitCore
0x00000001c25d1000 	/System/Library/PrivateFrameworks/QuickLookSupport.framework/Versions/A/QuickLookSupport
0x000000026f1b8000 	/System/Library/PrivateFrameworks/MediaAnalysisServices.framework/Versions/A/MediaAnalysisServices
0x00000001c9c00000 	/System/Library/PrivateFrameworks/PhotoLibraryServices.framework/Versions/A/PhotoLibraryServices
0x00000001c6ab2000 	/System/Library/Frameworks/Photos.framework/Versions/A/Photos
0x00000001db390000 	/System/Library/PrivateFrameworks/PhotosFormats.framework/Versions/A/PhotosFormats
0x00000001d783e000 	/System/Library/PrivateFrameworks/CloudPhotoLibrary.framework/Versions/A/CloudPhotoLibrary
0x00000001e0c35000 	/System/Library/PrivateFrameworks/CloudPhotoServices.framework/Versions/A/CloudPhotoServices
0x00000001dd1c9000 	/System/Library/PrivateFrameworks/CoreMediaStream.framework/Versions/A/CoreMediaStream
0x00000001b2655000 	/System/Library/PrivateFrameworks/CPAnalytics.framework/Versions/A/CPAnalytics
0x00000001d970a000 	/System/Library/PrivateFrameworks/MediaConversionService.framework/Versions/A/MediaConversionService
0x00000001b93c8000 	/System/Library/PrivateFrameworks/PhotoFoundation.framework/Versions/A/PhotoFoundation
0x0000000276772000 	/System/Library/PrivateFrameworks/PhotoLibraryServicesCore.framework/Versions/A/PhotoLibraryServicesCore
0x00000001d3480000 	/System/Library/PrivateFrameworks/MMCS.framework/Versions/A/MMCS
0x00000001b76d9000 	/System/Library/PrivateFrameworks/ChunkingLibrary.framework/Versions/A/ChunkingLibrary
0x00000001b1347000 	/System/Library/PrivateFrameworks/AssetCacheServices.framework/Versions/A/AssetCacheServices
0x00000001b330d000 	/System/Library/PrivateFrameworks/AVFoundationCF.framework/Versions/A/AVFoundationCF
0x00000001f11b7000 	/usr/lib/swift/libswiftDemangle.dylib
0x0000000266fab000 	/System/Library/PrivateFrameworks/ImageCaptureDevices.framework/Versions/A/ImageCaptureDevices
0x00000001c51ef000 	/System/Library/PrivateFrameworks/MediaStream.framework/Versions/A/MediaStream
0x00000001d9bac000 	/System/Library/PrivateFrameworks/NeutrinoCore.framework/Versions/A/NeutrinoCore
0x00000001a0b2e000 	/System/Library/PrivateFrameworks/NLP.framework/Versions/A/NLP
0x00000001df9c8000 	/System/Library/PrivateFrameworks/PhotoImaging.framework/Versions/A/PhotoImaging
0x00000001e0bf6000 	/System/Library/PrivateFrameworks/PhotosImagingFoundation.framework/Versions/A/PhotosImagingFoundation
0x000000027731f000 	/System/Library/PrivateFrameworks/PhotosIntelligenceCore.framework/Versions/A/PhotosIntelligenceCore
0x00000001b3749000 	/System/Library/PrivateFrameworks/EmbeddedAcousticRecognition.framework/Versions/A/EmbeddedAcousticRecognition
0x00000001cea9d000 	/System/Library/PrivateFrameworks/EmojiFoundation.framework/Versions/A/EmojiFoundation
0x00000001d7ab7000 	/System/Library/PrivateFrameworks/SDAPI.framework/Versions/A/SDAPI
0x00000001e0c44000 	/System/Library/PrivateFrameworks/AutoLoop.framework/Versions/A/AutoLoop
0x0000000277f00000 	/System/Library/PrivateFrameworks/Portrait.framework/Versions/A/Portrait
0x000000025b1f1000 	/System/Library/PrivateFrameworks/FusionTracker.framework/Versions/A/FusionTracker
0x00000001c7753000 	/System/Library/PrivateFrameworks/iTunesCloud.framework/Versions/A/iTunesCloud
0x00000001d09a5000 	/System/Library/PrivateFrameworks/DAAPKit.framework/Versions/A/DAAPKit
0x00000001c294e000 	/System/Library/PrivateFrameworks/DeviceManagement.framework/Versions/A/DeviceManagement
0x00000001e6c43000 	/System/Library/PrivateFrameworks/ScreenTimeUI.framework/Versions/A/ScreenTimeUI
0x00000001c4f2c000 	/System/Library/PrivateFrameworks/QuickLookNonBaseSystem.framework/Versions/A/QuickLookNonBaseSystem
0x00000001c5751000 	/System/Library/PrivateFrameworks/Catalyst.framework/Versions/A/Catalyst
0x00000001c7137000 	/System/Library/PrivateFrameworks/ScreenTimeCore.framework/Versions/A/ScreenTimeCore
0x00000001da83a000 	/System/Library/PrivateFrameworks/ScreenTimeServiceUI.framework/Versions/A/ScreenTimeServiceUI
0x00000001d3610000 	/System/Library/PrivateFrameworks/ConfigurationEngineModel.framework/Versions/A/ConfigurationEngineModel
0x00000001d6814000 	/System/Library/PrivateFrameworks/UsageTracking.framework/Versions/A/UsageTracking
0x000000023f115000 	/System/Library/Frameworks/DeviceActivity.framework/Versions/A/DeviceActivity
0x00000001d67e4000 	/System/Library/PrivateFrameworks/KnowledgeMonitor.framework/Versions/A/KnowledgeMonitor
0x00000001ee164000 	/System/Library/PrivateFrameworks/BluetoothManager.framework/Versions/A/BluetoothManager
0x0000000240720000 	/System/Library/Frameworks/ManagedSettings.framework/Versions/A/ManagedSettings
0x000000026e915000 	/System/Library/PrivateFrameworks/ManagedSettingsSupport.framework/Versions/A/ManagedSettingsSupport
0x00000001eb545000 	/System/Library/Frameworks/ReplayKit.framework/Versions/A/ReplayKit
0x00000001ba7a4000 	/System/Library/PrivateFrameworks/MarkupUI.framework/Versions/A/MarkupUI
0x00000001c4f04000 	/System/Library/PrivateFrameworks/SidecarCore.framework/Versions/A/SidecarCore
0x00000001c7b6e000 	/System/Library/PrivateFrameworks/AnnotationKit.framework/Versions/A/AnnotationKit
0x00000001c6206000 	/System/Library/Frameworks/PencilKit.framework/Versions/A/PencilKit
0x00000001c63cb000 	/System/Library/PrivateFrameworks/SidecarUI.framework/Versions/A/SidecarUI
0x00000001c5b61000 	/System/Library/PrivateFrameworks/CoreHandwriting.framework/Versions/A/CoreHandwriting
0x000000019a6f5000 	/usr/lib/libmecabra.dylib
0x00000001be3fd000 	/System/Library/PrivateFrameworks/Calculate.framework/Versions/A/Calculate
0x00000001aa272000 	/usr/lib/libChineseTokenizer.dylib
0x00000001fc5c9000 	/System/Library/PrivateFrameworks/ScreenReaderCore.framework/Versions/A/ScreenReaderCore
0x00000002850f9000 	/System/Library/PrivateFrameworks/StocksKit.framework/Versions/A/StocksKit
0x00000001bd3f2000 	/System/Library/PrivateFrameworks/OAuth.framework/Versions/A/OAuth
0x0000000284dea000 	/System/Library/PrivateFrameworks/StocksCore.framework/Versions/A/StocksCore
0x00000002863fb000 	/System/Library/PrivateFrameworks/TeaFoundation.framework/Versions/A/TeaFoundation
0x00000002865dd000 	/System/Library/PrivateFrameworks/TeaSettings.framework/Versions/A/TeaSettings
0x00000001f287f000 	/System/Library/PrivateFrameworks/NewsCore.framework/Versions/A/NewsCore
0x0000000286397000 	/System/Library/PrivateFrameworks/TeaDB.framework/Versions/A/TeaDB
0x00000001ef27b000 	/System/Library/PrivateFrameworks/RemoteConfiguration.framework/Versions/A/RemoteConfiguration
0x00000001f248a000 	/System/Library/PrivateFrameworks/NewsTransport.framework/Versions/A/NewsTransport
0x00000001f286f000 	/System/Library/PrivateFrameworks/NewsFoundation.framework/Versions/A/NewsFoundation
0x0000000272c4d000 	/System/Library/PrivateFrameworks/NewsURLBucket.framework/Versions/A/NewsURLBucket
0x00000001c97f7000 	/System/Library/PrivateFrameworks/MobileInstallation.framework/Versions/A/MobileInstallation
0x0000000248d3e000 	/System/Library/Frameworks/Translation.framework/Versions/A/Translation
0x00000001e2648000 	/System/Library/PrivateFrameworks/RevealCore.framework/Versions/A/RevealCore
0x00000001e263c000 	/System/Library/PrivateFrameworks/Reveal.framework/Versions/A/Reveal
0x00000001da504000 	/System/Library/Frameworks/Speech.framework/Versions/A/Speech
0x000000024a1a2000 	/System/Library/PrivateFrameworks/AIMLExperimentationAnalytics.framework/Versions/A/AIMLExperimentationAnalytics
0x000000024c507000 	/System/Library/PrivateFrameworks/AlgorithmsInternal.framework/Versions/A/AlgorithmsInternal
0x0000000289c31000 	/System/Library/PrivateFrameworks/TranslationUIServices.framework/Versions/A/TranslationUIServices
0x0000000288b1c000 	/System/Library/PrivateFrameworks/TipKitCore.framework/Versions/A/TipKitCore
0x00000001ceb21000 	/System/Library/PrivateFrameworks/CoreCDPInternal.framework/Versions/A/CoreCDPInternal
0x0000000267788000 	/System/Library/PrivateFrameworks/InputAnalytics.framework/Versions/A/InputAnalytics
0x00000001d463e000 	/System/Library/Frameworks/InstantMessage.framework/Versions/A/InstantMessage
0x00000001cc610000 	/System/Library/PrivateFrameworks/IDSKVStore.framework/Versions/A/IDSKVStore
0x00000001cc2d6000 	/System/Library/PrivateFrameworks/IMDPersistence.framework/Versions/A/IMDPersistence
0x000000028b819000 	/System/Library/PrivateFrameworks/UserSafety.framework/Versions/A/UserSafety
0x00000001ed374000 	/System/Library/PrivateFrameworks/BlastDoor.framework/Versions/A/BlastDoor
0x000000026bc3a000 	/System/Library/PrivateFrameworks/LinkPresentationStyleSheetParsing.framework/Versions/A/LinkPresentationStyleSheetParsing
0x00000002780b1000 	/System/Library/PrivateFrameworks/PosterFoundation.framework/Versions/A/PosterFoundation
0x0000000278140000 	/System/Library/PrivateFrameworks/PosterModel.framework/Versions/A/PosterModel
0x000000027811b000 	/System/Library/PrivateFrameworks/PosterFuturesKit.framework/Versions/A/PosterFuturesKit
0x000000025a618000 	/System/Library/PrivateFrameworks/FeedbackService.framework/Versions/A/FeedbackService
0x00000001c55d2000 	/System/Library/PrivateFrameworks/CoreSDB.framework/Versions/A/CoreSDB
0x000000024ed54000 	/System/Library/PrivateFrameworks/AskToCore.framework/Versions/A/AskToCore
0x00000001e747a000 	/System/Library/PrivateFrameworks/MachineSettings.framework/Versions/A/MachineSettings
0x00000001d8f66000 	/System/Library/PrivateFrameworks/BezelServices.framework/Versions/A/BezelServices
0x00000001d0a31000 	/System/Library/PrivateFrameworks/SPOwner.framework/Versions/A/SPOwner
0x00000001c9462000 	/System/Library/PrivateFrameworks/FMCore.framework/Versions/A/FMCore
0x0000000292139000 	/System/Library/PrivateFrameworks/iCloudQuota.framework/Versions/A/iCloudQuota
0x00000001bdda2000 	/System/Library/PrivateFrameworks/CoreRecognition.framework/Versions/A/CoreRecognition
0x00000001d901c000 	/System/Library/PrivateFrameworks/InAppMessages.framework/Versions/A/InAppMessages
0x00000001fb1b2000 	/System/Library/PrivateFrameworks/JetUI.framework/Versions/A/JetUI
0x000000026af1b000 	/System/Library/PrivateFrameworks/JetPack.framework/Versions/A/JetPack
0x00000001d9013000 	/System/Library/PrivateFrameworks/InAppMessagesCore.framework/Versions/A/InAppMessagesCore
0x00000002914f1000 	/System/Library/PrivateFrameworks/_JetEngine_SwiftUI.framework/Versions/A/_JetEngine_SwiftUI
0x0000000285eb4000 	/System/Library/PrivateFrameworks/Synapse.framework/Versions/A/Synapse
0x0000000250efc000 	/System/Library/PrivateFrameworks/CSExattrCrypto.framework/Versions/A/CSExattrCrypto
0x00000001ca8fe000 	/System/Library/PrivateFrameworks/StoreFoundation.framework/Versions/A/StoreFoundation
0x00000001c945c000 	/System/Library/PrivateFrameworks/ServerInformation.framework/Versions/A/ServerInformation
0x00000001c8e92000 	/System/Library/PrivateFrameworks/Install.framework/Frameworks/DistributionKit.framework/Versions/A/DistributionKit
0x00000001c23a5000 	/System/Library/PrivateFrameworks/PackageKit.framework/Versions/A/PackageKit
0x00000001c8eb5000 	/System/Library/PrivateFrameworks/OSPersonalization.framework/Versions/A/OSPersonalization
0x00000001cae88000 	/System/Library/PrivateFrameworks/BridgeOSSoftwareUpdate.framework/Versions/A/BridgeOSSoftwareUpdate
0x00000001c5a69000 	/System/Library/PrivateFrameworks/StorageManagement.framework/Versions/A/StorageManagement
0x00000001da38a000 	/usr/lib/libauthinstall.dylib
0x00000001cae91000 	/System/Library/PrivateFrameworks/InstallerDiagnostics.framework/Versions/A/InstallerDiagnostics
0x00000001daa06000 	/usr/lib/libcrypto.42.dylib
0x00000002987bc000 	/usr/lib/updaters/libAppleTconUARPUpdater.dylib
0x00000002988df000 	/usr/lib/updaters/libT200Updater.dylib
0x00000001cae76000 	/System/Library/PrivateFrameworks/GPUInfo.framework/Versions/A/GPUInfo
0x00000001d9117000 	/System/Library/PrivateFrameworks/MobileActivationMacOS.framework/Versions/A/MobileActivationMacOS
0x00000001bd334000 	/System/Library/PrivateFrameworks/AccountsDaemon.framework/Versions/A/AccountsDaemon
0x00000001ad3b0000 	/System/Library/PrivateFrameworks/CacheDelete.framework/Versions/A/CacheDelete
0x00000001b5d28000 	/System/Library/Frameworks/QuickLookThumbnailing.framework/Versions/A/QuickLookThumbnailing
0x00000001caed5000 	/System/Library/PrivateFrameworks/AOSKit.framework/Versions/A/AOSKit
0x00000001aa3a3000 	/System/Library/PrivateFrameworks/AppSSOCore.framework/Versions/A/AppSSOCore
0x00000001c48dd000 	/System/Library/Frameworks/AVFoundation.framework/Versions/A/AVFoundation
0x000000024f708000 	/System/Library/PrivateFrameworks/BackgroundSystemTasks.framework/Versions/A/BackgroundSystemTasks
0x00000001b5c3e000 	/System/Library/PrivateFrameworks/DuetActivityScheduler.framework/Versions/A/DuetActivityScheduler
0x00000001d776d000 	/System/Library/PrivateFrameworks/NetworkServiceProxy.framework/Versions/A/NetworkServiceProxy
0x00000001b0fdb000 	/usr/lib/libnetworkextension.dylib
0x00000001b3657000 	/System/Library/PrivateFrameworks/Rapport.framework/Versions/A/Rapport
0x0000000285bdd000 	/System/Library/PrivateFrameworks/Symptoms.framework/Versions/A/Frameworks/SymptomAnalytics.framework/Versions/A/SymptomAnalytics
0x00000001adde4000 	/System/Library/Frameworks/NetworkExtension.framework/Versions/A/NetworkExtension
0x00000001b43fe000 	/System/Library/PrivateFrameworks/CoreDuetContext.framework/Versions/A/CoreDuetContext
0x000000019f17b000 	/System/Library/PrivateFrameworks/CoreDuet.framework/Versions/A/CoreDuet
0x00000001b9121000 	/System/Library/PrivateFrameworks/AssistantServices.framework/Versions/A/AssistantServices
0x00000001b3451000 	/System/Library/PrivateFrameworks/SAObjects.framework/Versions/A/SAObjects
0x00000001b8d1c000 	/System/Library/PrivateFrameworks/MediaRemote.framework/Versions/A/MediaRemote
0x00000001cb3c9000 	/System/Library/PrivateFrameworks/SiriInstrumentation.framework/Versions/A/SiriInstrumentation
0x000000027cb62000 	/System/Library/PrivateFrameworks/SiriAnalytics.framework/Versions/A/SiriAnalytics
0x0000000282a09000 	/System/Library/PrivateFrameworks/SiriTTSService.framework/Versions/A/SiriTTSService
0x000000027d49e000 	/System/Library/PrivateFrameworks/SiriCrossDeviceArbitration.framework/Versions/A/SiriCrossDeviceArbitration
0x00000001c8c2a000 	/System/Library/PrivateFrameworks/FeedbackLogger.framework/Versions/A/FeedbackLogger
0x000000025a1c0000 	/System/Library/PrivateFrameworks/FaceTimeNameUtility.framework/Versions/A/FaceTimeNameUtility
0x000000027d4f2000 	/System/Library/PrivateFrameworks/SiriCrossDeviceArbitrationFeedback.framework/Versions/A/SiriCrossDeviceArbitrationFeedback
0x0000000263c1b000 	/System/Library/PrivateFrameworks/GenerativeModels.framework/Versions/A/GenerativeModels
0x000000023d94d000 	/System/Library/Frameworks/AVRouting.framework/Versions/A/AVRouting
0x00000001bdbb5000 	/System/Library/PrivateFrameworks/MediaServices.framework/Versions/A/MediaServices
0x00000001aba05000 	/System/Library/Frameworks/MediaToolbox.framework/Versions/A/MediaToolbox
0x00000001b23f6000 	/System/Library/PrivateFrameworks/CoreAVCHD.framework/Versions/A/CoreAVCHD
0x00000001b23f2000 	/System/Library/PrivateFrameworks/Mangrove.framework/Versions/A/Mangrove
0x0000000250d18000 	/System/Library/PrivateFrameworks/CMPhoto.framework/Versions/A/CMPhoto
0x00000001b2bdc000 	/System/Library/Frameworks/CoreTelephony.framework/Versions/A/CoreTelephony
0x00000001b23e5000 	/System/Library/PrivateFrameworks/CoreAUC.framework/Versions/A/CoreAUC
0x000000024e04c000 	/System/Library/PrivateFrameworks/AppleJPEGXL.framework/Versions/A/AppleJPEGXL
0x00000001ad451000 	/usr/lib/libTelephonyUtilDynamic.dylib
0x00000001b328f000 	/System/Library/Frameworks/LocalAuthentication.framework/Versions/A/LocalAuthentication
0x000000026be70000 	/System/Library/PrivateFrameworks/LocalAuthenticationCore.framework/Versions/A/LocalAuthenticationCore
0x000000026bff5000 	/System/Library/PrivateFrameworks/LocalAuthenticationCredentialServices.framework/Versions/A/LocalAuthenticationCredentialServices
0x00000001b32fb000 	/System/Library/Frameworks/LocalAuthentication.framework/Support/SharedUtils.framework/Versions/A/SharedUtils
0x00000001aa7ed000 	/System/Library/PrivateFrameworks/PersistentConnection.framework/Versions/A/PersistentConnection
0x000000028421e000 	/System/Library/PrivateFrameworks/SonicFoundation.framework/Versions/A/SonicFoundation
0x0000000258a1e000 	/System/Library/PrivateFrameworks/Dendrite.framework/Versions/A/Dendrite
0x00000001cd2d8000 	/usr/lib/libtailspin.dylib
0x00000001e0d54000 	/System/Library/PrivateFrameworks/Osprey.framework/Versions/A/Osprey
0x0000000282063000 	/System/Library/PrivateFrameworks/SiriTTS.framework/Versions/A/SiriTTS
0x00000001c5698000 	/System/Library/Frameworks/NaturalLanguage.framework/Versions/A/NaturalLanguage
0x0000000280e49000 	/System/Library/PrivateFrameworks/SiriPowerInstrumentation.framework/Versions/A/SiriPowerInstrumentation
0x00000001c655b000 	/System/Library/PrivateFrameworks/Trial.framework/Versions/A/Trial
0x00000001c64dd000 	/System/Library/PrivateFrameworks/TrialProto.framework/Versions/A/TrialProto
0x000000028aede000 	/System/Library/PrivateFrameworks/UnifiedAssetFramework.framework/Versions/A/UnifiedAssetFramework
0x00000001e2d7c000 	/usr/lib/swift/libswiftAVFoundation.dylib
0x00000001f321d000 	/usr/lib/swift/libswiftNaturalLanguage.dylib
0x0000000286395000 	/System/Library/PrivateFrameworks/TailspinSymbolication.framework/Versions/A/TailspinSymbolication
0x000000025865d000 	/System/Library/PrivateFrameworks/Darwinup.framework/Versions/A/Darwinup
0x00000001d9745000 	/System/Library/PrivateFrameworks/SignpostSupport.framework/Versions/A/SignpostSupport
0x00000001c555f000 	/System/Library/PrivateFrameworks/FeatureFlagsSupport.framework/Versions/A/FeatureFlagsSupport
0x00000001d8e78000 	/System/Library/PrivateFrameworks/ktrace.framework/Versions/A/ktrace
0x00000001d9974000 	/System/Library/PrivateFrameworks/SampleAnalysis.framework/Versions/A/SampleAnalysis
0x00000001e2616000 	/System/Library/PrivateFrameworks/kperfdata.framework/Versions/A/kperfdata
0x00000001aeda5000 	/usr/lib/libdscsym.dylib
0x00000001e2ad2000 	/System/Library/PrivateFrameworks/BulkSymbolication.framework/Versions/A/BulkSymbolication
0x00000001b5d74000 	/System/Library/PrivateFrameworks/Espresso.framework/Versions/A/Espresso
0x00000001a3d96000 	/System/Library/Frameworks/CoreML.framework/Versions/A/CoreML
0x00000001fc970000 	/System/Library/PrivateFrameworks/ANECompiler.framework/Versions/A/ANECompiler
0x00000001b7e6b000 	/System/Library/PrivateFrameworks/AppleNeuralEngine.framework/Versions/A/AppleNeuralEngine
0x0000000241447000 	/System/Library/Frameworks/MetalPerformanceShadersGraph.framework/Versions/A/MetalPerformanceShadersGraph
0x000000026c8fc000 	/System/Library/PrivateFrameworks/MLCompilerServices.framework/Versions/A/MLCompilerServices
0x00000001b6c16000 	/System/Library/PrivateFrameworks/ANEServices.framework/Versions/A/ANEServices
0x0000000273ca9000 	/System/Library/PrivateFrameworks/ODIE.framework/Versions/A/ODIE
0x000000026c8a0000 	/System/Library/PrivateFrameworks/MLCompilerRuntime.framework/Versions/A/MLCompilerRuntime
0x00000001a81a0000 	/System/Library/Frameworks/MLCompute.framework/Versions/A/MLCompute
0x000000026c822000 	/System/Library/PrivateFrameworks/MLAssetIO.framework/Versions/A/MLAssetIO
0x0000000298294000 	/usr/lib/swift/libswiftMLCompute.dylib
0x00000001b2de2000 	/System/Library/PrivateFrameworks/AVFCore.framework/Versions/A/AVFCore
0x00000001bc33f000 	/System/Library/PrivateFrameworks/AVFCapture.framework/Versions/A/AVFCapture
0x0000000250b01000 	/System/Library/PrivateFrameworks/CMImaging.framework/Versions/A/CMImaging
0x00000001bc589000 	/System/Library/PrivateFrameworks/Quagga.framework/Versions/A/Quagga
0x00000001bc6bd000 	/System/Library/PrivateFrameworks/CMCapture.framework/Versions/A/CMCapture
0x00000001acfd4000 	/System/Library/Frameworks/CoreMediaIO.framework/Versions/A/CoreMediaIO
0x0000000250a3d000 	/System/Library/PrivateFrameworks/CMCaptureDevice.framework/Versions/A/CMCaptureDevice
0x00000001aa963000 	/System/Library/PrivateFrameworks/CoreBrightness.framework/Versions/A/CoreBrightness
0x0000000251b18000 	/System/Library/PrivateFrameworks/CinematicFraming.framework/Versions/A/CinematicFraming
0x000000027095f000 	/System/Library/PrivateFrameworks/ModelManagerServices.framework/Versions/A/ModelManagerServices
0x00000001dfe12000 	/System/Library/PrivateFrameworks/CPMS.framework/Versions/A/CPMS
0x000000028608b000 	/System/Library/PrivateFrameworks/SystemStatus.framework/Versions/A/SystemStatus
0x00000001c44d5000 	/System/Library/Frameworks/CoreMotion.framework/Versions/A/CoreMotion
0x00000001d46fc000 	/System/Library/PrivateFrameworks/TimeSync.framework/Versions/A/TimeSync
0x0000000259340000 	/System/Library/PrivateFrameworks/DistributedSensing.framework/Versions/A/DistributedSensing
0x00000001cfc70000 	/System/Library/PrivateFrameworks/MobileBluetooth.framework/Versions/A/MobileBluetooth
0x00000001d63fc000 	/System/Library/PrivateFrameworks/IOKitten.framework/Versions/A/IOKitten
0x000000024df4f000 	/System/Library/PrivateFrameworks/AppleIntelligenceReporting.framework/Versions/A/AppleIntelligenceReporting
0x000000019b971000 	/System/Library/PrivateFrameworks/LanguageModeling.framework/Versions/A/LanguageModeling
0x00000001a0935000 	/System/Library/PrivateFrameworks/Montreal.framework/Versions/A/Montreal
0x00000001a8c1f000 	/usr/lib/libcmph.dylib
0x0000000263cf8000 	/System/Library/PrivateFrameworks/GenerativeModelsFoundation.framework/Versions/A/GenerativeModelsFoundation
0x0000000288e85000 	/System/Library/PrivateFrameworks/TokenGeneration.framework/Versions/A/TokenGeneration
0x0000000263ad7000 	/System/Library/PrivateFrameworks/GenerativeFunctions.framework/Versions/A/GenerativeFunctions
0x0000000263b23000 	/System/Library/PrivateFrameworks/GenerativeFunctionsFoundation.framework/Versions/A/GenerativeFunctionsFoundation
0x000000027057c000 	/System/Library/PrivateFrameworks/ModelCatalog.framework/Versions/A/ModelCatalog
0x000000027c00e000 	/System/Library/PrivateFrameworks/SensitiveContentAnalysisML.framework/Versions/A/SensitiveContentAnalysisML
0x0000000263bb8000 	/System/Library/PrivateFrameworks/GenerativeFunctionsInstrumentation.framework/Versions/A/GenerativeFunctionsInstrumentation
0x000000027920a000 	/System/Library/PrivateFrameworks/PromptKit.framework/Versions/A/PromptKit
0x0000000278cdb000 	/System/Library/PrivateFrameworks/ProactiveDaemonSupport.framework/Versions/A/ProactiveDaemonSupport
0x00000002890d3000 	/System/Library/PrivateFrameworks/TokenGenerationCore.framework/Versions/A/TokenGenerationCore
0x000000024dbb0000 	/System/Library/PrivateFrameworks/AppleFlatBuffers.framework/Versions/A/AppleFlatBuffers
0x000000027c247000 	/System/Library/PrivateFrameworks/SentencePieceInternal.framework/Versions/A/SentencePieceInternal
0x00000001b13bf000 	/System/Library/Frameworks/Vision.framework/Versions/A/Vision
0x0000000258035000 	/System/Library/PrivateFrameworks/CoreSceneUnderstanding.framework/Versions/A/CoreSceneUnderstanding
0x000000028d8e6000 	/System/Library/PrivateFrameworks/VisionCore.framework/Versions/A/VisionCore
0x00000001cec09000 	/System/Library/Frameworks/Vision.framework/libfaceCore.dylib
0x00000001cf72c000 	/System/Library/PrivateFrameworks/Futhark.framework/Versions/A/Futhark
0x00000001d352c000 	/System/Library/PrivateFrameworks/InertiaCam.framework/Versions/A/InertiaCam
0x00000001cf4b4000 	/System/Library/PrivateFrameworks/TextRecognition.framework/Versions/A/TextRecognition
0x00000001aa3c4000 	/System/Library/PrivateFrameworks/CVNLP.framework/Versions/A/CVNLP
0x00000001a3834000 	/System/Library/PrivateFrameworks/ApplePushService.framework/Versions/A/ApplePushService
0x00000001a389f000 	/System/Library/Frameworks/CloudKit.framework/Versions/A/CloudKit
0x00000001b6dd4000 	/System/Library/PrivateFrameworks/CoreDuetDaemonProtocol.framework/Versions/A/CoreDuetDaemonProtocol
0x00000001dbf59000 	/System/Library/PrivateFrameworks/DeviceIdentity.framework/Versions/A/DeviceIdentity
0x000000024742b000 	/System/Library/Frameworks/SharedWithYouCore.framework/Versions/A/SharedWithYouCore
0x00000002523c0000 	/System/Library/PrivateFrameworks/CloudTelemetry.framework/Versions/A/CloudTelemetry
0x00000001b570b000 	/System/Library/PrivateFrameworks/AppleAccount.framework/Versions/A/AppleAccount
0x00000001b5ccd000 	/System/Library/PrivateFrameworks/C2.framework/Versions/A/C2
0x0000000252032000 	/System/Library/PrivateFrameworks/CloudCoreInternal.framework/Versions/A/CloudCoreInternal
0x0000000251dd7000 	/System/Library/PrivateFrameworks/CloudAsset.framework/Versions/A/CloudAsset
0x00000001b5cc4000 	/System/Library/Frameworks/PushKit.framework/Versions/A/PushKit
0x00000002523e0000 	/System/Library/PrivateFrameworks/CloudTelemetryTools.framework/Versions/A/CloudTelemetryTools
0x00000001b7bc6000 	/System/Library/PrivateFrameworks/RTCReporting.framework/Versions/A/RTCReporting
0x000000024a088000 	/System/Library/PrivateFrameworks/AAAFoundationSwift.framework/Versions/A/AAAFoundationSwift
0x00000001b5996000 	/System/Library/PrivateFrameworks/AppleIDSSOAuthentication.framework/Versions/A/AppleIDSSOAuthentication
0x00000001ca7a9000 	/System/Library/PrivateFrameworks/CaptiveNetwork.framework/Versions/A/CaptiveNetwork
0x00000001b519c000 	/System/Library/PrivateFrameworks/EAP8021X.framework/Versions/A/EAP8021X
0x0000000258443000 	/System/Library/PrivateFrameworks/CryptoKitPrivate.framework/Versions/A/CryptoKitPrivate
0x00000001c4b2c000 	/System/Library/PrivateFrameworks/FindMyDevice.framework/Versions/A/FindMyDevice
0x00000001b98d4000 	/System/Library/PrivateFrameworks/FMCoreLite.framework/Versions/A/FMCoreLite
0x00000001a7e40000 	/System/Library/Frameworks/ServiceManagement.framework/Versions/A/ServiceManagement
0x0000000130464000 	/Users/giacomo/.openjfx/cache/21+31/aarch64/libglib-lite.dylib
0x0000000130744000 	/Users/giacomo/.openjfx/cache/21+31/aarch64/libgstreamer-lite.dylib
0x000000013035c000 	/Users/giacomo/.openjfx/cache/21+31/aarch64/libjfxmedia.dylib
0x0000000130320000 	/Users/giacomo/.openjfx/cache/21+31/aarch64/libjfxmedia_avf.dylib
0x00000001302e8000 	/Users/giacomo/.openjfx/cache/21+31/aarch64/libfxplugins.dylib
0x0000000130398000 	/Users/giacomo/.openjfx/cache/21+31/aarch64/libjavafx_font.dylib
0x00000001d993d000 	/System/Library/PrivateFrameworks/UIKitServices.framework/Versions/A/UIKitServices
0x0000000284819000 	/System/Library/PrivateFrameworks/SpotlightKnowledge.framework/Versions/A/SpotlightKnowledge
0x0000000284800000 	/System/Library/PrivateFrameworks/SpotlightEmbedding.framework/Versions/A/SpotlightEmbedding
0x000000019f11e000 	/System/Library/PrivateFrameworks/SpotlightLinguistics.framework/Versions/A/SpotlightLinguistics
0x00000002849cd000 	/System/Library/PrivateFrameworks/SpotlightResources.framework/Versions/A/SpotlightResources
0x00000001ca76d000 	/System/Library/PrivateFrameworks/DataDeliveryServices.framework/Versions/A/DataDeliveryServices
0x0000000132f6c000 	/System/Library/Components/CoreAudio.component/Contents/MacOS/CoreAudio
0x00000001330ec000 	/System/Library/Components/AudioCodecs.component/Contents/MacOS/AudioCodecs
0x0000000132d6c000 	/Users/giacomo/.openjfx/cache/21+31/aarch64/libjavafx_iio.dylib
0x000000013ef90000 	/System/Library/Components/AudioDSP.component/Contents/MacOS/AudioDSP
0x000000028e68e000 	/System/Library/PrivateFrameworks/VoiceProcessor.framework/Versions/A/VoiceProcessor
0x00000002765da000 	/System/Library/PrivateFrameworks/PersonalAudio.framework/Versions/A/PersonalAudio
0x0000000296ca1000 	/usr/lib/libAudioDSPCore.dylib
0x000000024f1f8000 	/System/Library/PrivateFrameworks/AudioDSPGraph.framework/Versions/A/AudioDSPGraph
0x00000001eaff3000 	/System/Library/PrivateFrameworks/HearingCore.framework/Versions/A/HearingCore

JVMTI agents: none


VM Arguments:
jvm_args: -XX:+ShowCodeDetailsInExceptionMessages --module-path=/Users/giacomo/Documents/Ingegneria/II_Anno/Interfacce_Grafiche/progetto/jroyale/target/classes:/Users/giacomo/.m2/repository/org/openjfx/javafx-controls/21/javafx-controls-21-mac-aarch64.jar:/Users/giacomo/.m2/repository/org/openjfx/javafx-graphics/21/javafx-graphics-21-mac-aarch64.jar:/Users/giacomo/.m2/repository/org/openjfx/javafx-fxml/21/javafx-fxml-21-mac-aarch64.jar:/Users/giacomo/.m2/repository/org/openjfx/javafx-base/21/javafx-base-21-mac-aarch64.jar:/Users/giacomo/.m2/repository/org/openjfx/javafx-media/21/javafx-media-21-mac-aarch64.jar:/Users/giacomo/.m2/repository/com/fasterxml/jackson/core/jackson-databind/2.17.0/jackson-databind-2.17.0.jar:/Users/giacomo/.m2/repository/com/fasterxml/jackson/core/jackson-core/2.17.0/jackson-core-2.17.0.jar:/Users/giacomo/.m2/repository/com/fasterxml/jackson/core/jackson-annotations/2.17.0/jackson-annotations-2.17.0.jar -Djdk.module.main=jroyale 
java_command: jroyale/jroyale.controller.Main
java_class_path (initial): /Users/giacomo/.m2/repository/org/openjfx/javafx-controls/21/javafx-controls-21.jar:/Users/giacomo/.m2/repository/org/openjfx/javafx-graphics/21/javafx-graphics-21.jar:/Users/giacomo/.m2/repository/org/openjfx/javafx-fxml/21/javafx-fxml-21.jar:/Users/giacomo/.m2/repository/org/openjfx/javafx-base/21/javafx-base-21.jar:/Users/giacomo/.m2/repository/org/openjfx/javafx-media/21/javafx-media-21.jar:/Users/giacomo/.m2/repository/net/bytebuddy/byte-buddy/1.14.9/byte-buddy-1.14.9.jar
Launcher Type: SUN_STANDARD

[Global flags]
     intx CICompilerCount                          = 4                                         {product} {ergonomic}
     uint ConcGCThreads                            = 2                                         {product} {ergonomic}
     uint G1ConcRefinementThreads                  = 8                                         {product} {ergonomic}
   size_t G1HeapRegionSize                         = 1048576                                   {product} {ergonomic}
    uintx GCDrainStackTargetSize                   = 64                                        {product} {ergonomic}
   size_t InitialHeapSize                          = 134217728                                 {product} {ergonomic}
   size_t MarkStackSize                            = 4194304                                   {product} {ergonomic}
   size_t MaxHeapSize                              = 2147483648                                {product} {ergonomic}
   size_t MaxNewSize                               = 1287651328                                {product} {ergonomic}
   size_t MinHeapDeltaBytes                        = 1048576                                   {product} {ergonomic}
   size_t MinHeapSize                              = 8388608                                   {product} {ergonomic}
    uintx NonNMethodCodeHeapSize                   = 5839564                                {pd product} {ergonomic}
    uintx NonProfiledCodeHeapSize                  = 122909338                              {pd product} {ergonomic}
    uintx ProfiledCodeHeapSize                     = 122909338                              {pd product} {ergonomic}
    uintx ReservedCodeCacheSize                    = 251658240                              {pd product} {ergonomic}
     bool SegmentedCodeCache                       = true                                      {product} {ergonomic}
     bool ShowCodeDetailsInExceptionMessages       = true                                   {manageable} {command line}
   size_t SoftMaxHeapSize                          = 2147483648                             {manageable} {ergonomic}
     bool UseCompressedOops                        = true                           {product lp64_product} {ergonomic}
     bool UseG1GC                                  = true                                      {product} {ergonomic}
     bool UseNUMA                                  = false                                     {product} {ergonomic}
     bool UseNUMAInterleaving                      = false                                     {product} {ergonomic}

Logging:
Log output configuration:
 #0: stdout all=warning uptime,level,tags foldmultilines=false
 #1: stderr all=off uptime,level,tags foldmultilines=false

Environment Variables:
PATH=/opt/homebrew/bin:/Users/giacomo/Library/Application Support/Code/User/globalStorage/github.copilot-chat/debugCommand:/Users/giacomo/Library/Application Support/Code/User/globalStorage/github.copilot-chat/copilotCli:/Library/Frameworks/Python.framework/Versions/3.12/bin:/opt/homebrew/bin:/opt/homebrew/sbin:/usr/local/bin:/System/Cryptexes/App/usr/bin:/usr/bin:/bin:/usr/sbin:/sbin:/var/run/com.apple.security.cryptexd/codex.system/bootstrap/usr/local/bin:/var/run/com.apple.security.cryptexd/codex.system/bootstrap/usr/bin:/var/run/com.apple.security.cryptexd/codex.system/bootstrap/usr/appleinternal/bin:/opt/pmk/env/global/bin:/Library/Apple/usr/bin:/Library/TeX/texbin:/Users/giacomo/Library/Application Support/Code/User/globalStorage/github.copilot-chat/debugCommand:/Users/giacomo/Library/Application Support/Code/User/globalStorage/github.copilot-chat/copilotCli:/Users/giacomo/.local/bin:/Library/Frameworks/Python.framework/Versions/3.12/bin:/Users/giacomo/.vscode/extensions/vscjava.vscode-java-debug-0.59.0/bundled/scripts/noConfigScripts
SHELL=/bin/zsh
LANG=C.UTF-8
TERM=xterm-256color
TMPDIR=/var/folders/_d/n9d_gh5x3m77kjp17t3_j_jr0000gn/T/

Active Locale:
LC_ALL=C.UTF-8
LC_COLLATE=C.UTF-8
LC_CTYPE=C.UTF-8
LC_MESSAGES=C.UTF-8
LC_MONETARY=C.UTF-8
LC_NUMERIC=C.UTF-8
LC_TIME=C.UTF-8

Signal Handlers:
   SIGSEGV: crash_handler in libjvm.dylib, mask=11100110000111110111111111111111, flags=SA_ONSTACK|SA_RESTART|SA_SIGINFO, unblocked
    SIGBUS: crash_handler in libjvm.dylib, mask=11100110000111110111111111111111, flags=SA_RESTART|SA_SIGINFO, unblocked
    SIGFPE: crash_handler in libjvm.dylib, mask=11100110000111110111111111111111, flags=SA_RESTART|SA_SIGINFO, unblocked
   SIGPIPE: javaSignalHandler in libjvm.dylib, mask=11100110000111110111111111111111, flags=SA_RESTART|SA_SIGINFO, blocked
   SIGXFSZ: javaSignalHandler in libjvm.dylib, mask=11100110000111110111111111111111, flags=SA_RESTART|SA_SIGINFO, blocked
    SIGILL: crash_handler in libjvm.dylib, mask=11100110000111110111111111111111, flags=SA_RESTART|SA_SIGINFO, unblocked
   SIGUSR2: SR_handler in libjvm.dylib, mask=00000000000000000000000000000000, flags=SA_RESTART|SA_SIGINFO, blocked
    SIGHUP: UserHandler in libjvm.dylib, mask=11100110000111110111111111111111, flags=SA_RESTART|SA_SIGINFO, blocked
    SIGINT: UserHandler in libjvm.dylib, mask=11100110000111110111111111111111, flags=SA_RESTART|SA_SIGINFO, blocked
   SIGTERM: UserHandler in libjvm.dylib, mask=11100110000111110111111111111111, flags=SA_RESTART|SA_SIGINFO, blocked
   SIGQUIT: UserHandler in libjvm.dylib, mask=11100110000111110111111111111111, flags=SA_RESTART|SA_SIGINFO, blocked
   SIGTRAP: crash_handler in libjvm.dylib, mask=11100110000111110111111111111111, flags=SA_RESTART|SA_SIGINFO, unblocked


Periodic native trim disabled

---------------  S Y S T E M  ---------------

OS:
uname: Darwin 25.3.0 Darwin Kernel Version 25.3.0: Wed Jan 28 20:54:22 PST 2026; root:xnu-12377.81.4~5/RELEASE_ARM64_T8112 arm64
OS uptime: 3 days 23:25 hours
rlimit (soft/hard): STACK 8176k/65520k , CORE 0k/infinity , NPROC 1333/2000 , NOFILE 1048576/infinity , AS infinity/infinity , CPU infinity/infinity , DATA infinity/infinity , FSIZE infinity/infinity , MEMLOCK infinity/infinity , RSS infinity/infinity
load average: 1.95 2.37 2.68

CPU: total 8 (initial active 8) 0x61:0x0:0xda33d83d:0, fp, asimd, aes, pmull, sha1, sha256, crc32, lse, sha3, sha512
machdep.cpu.brand_string:Apple M2
hw.cachelinesize:128
hw.l1icachesize:131072
hw.l1dcachesize:65536
hw.l2cachesize:4194304

Memory: 16k page, physical 8388608k(165872k free), swap 6291456k(1366400k free)

vm_info: OpenJDK 64-Bit Server VM (21.0.8+9-LTS) for bsd-aarch64 JRE (21.0.8+9-LTS), built on 2025-07-15T00:00:00Z by "admin" with clang Apple LLVM 15.0.0 (clang-1500.1.0.2.5)

END.
